Geo_id,Positive,Total
94702,13,NA
94703,21,NA
94704,5,NA
94705,5,NA
94707,5,NA
94708,5,NA
94709,5,NA
94710,5,NA
94720,0,NA
94501,32,NA
94502,5,NA
94536,33,NA
94538,42,NA
94539,25,NA
94541,168,NA
94542,24,NA
94544,279,NA
94545,61,NA
94546,75,NA
94550,24,NA
94551,19,NA
94552,10,NA
94555,18,NA
94560,64,NA
94566,34,NA
94568,69,NA
94577,64,NA
94578,79,NA
94579,19,NA
94580,43,NA
94587,83,NA
94588,20,NA
94601,149,NA
94602,20,NA
94603,64,NA
94605,71,NA
94606,40,NA
94607,39,NA
94608,24,NA
94609,5,NA
94610,22,NA
94611,31,NA
94612,17,NA
94618,5,NA
94619,89,NA
94621,105,NA
94706,5,NA
94586,0,NA
94613,0,NA
94505,0,NA
94514,0,NA
95377,0,NA
95391,0,NA
78702,31,NA
78704,95,NA
78703,43,NA
78705,60,NA
78721,32,NA
78741,216,NA
78722,6,NA
78723,61,NA
78746,54,NA
78701,37,NA
78744,171,NA
78745,67,NA
78712,NA,NA
78742,4,NA
78752,78,NA
78753,130,NA
78754,29,NA
78660,130,NA
78756,5,NA
78757,30,NA
78617,45,NA
78620,1,NA
78738,21,NA
78628,NA,NA
78642,NA,NA
78634,2,NA
78664,9,NA
78665,NA,NA
76574,NA,NA
78615,NA,NA
78612,2,NA
78626,NA,NA
78653,49,NA
78724,91,NA
78644,NA,NA
78725,36,NA
78621,20,NA
78616,NA,NA
78747,57,NA
78737,6,NA
78739,10,NA
78749,22,NA
78733,12,NA
78641,7,NA
78735,14,NA
78663,NA,NA
78610,2,NA
78654,1,NA
78640,NA,NA
78669,5,NA
78652,1,NA
78605,NA,NA
78719,1,NA
78736,12,NA
78748,160,NA
78730,4,NA
78732,8,NA
78613,4,NA
78645,9,NA
78726,8,NA
78734,16,NA
78727,21,NA
78728,35,NA
78729,6,NA
78731,34,NA
78751,16,NA
78750,13,NA
78758,134,NA
78759,21,NA
78681,NA,NA
78717,8,NA
85347,0,NA
85356,1,NA
85365,21,NA
85350,56,NA
85367,6,NA
85364,81,NA
85349,42,NA
85352,0,NA
85336,0,NA
85348,1,NA
85328,0,NA
85346,1,NA
85334,0,NA
85325,0,NA
86406,23,NA
86401,51,NA
86413,1,NA
86404,12,NA
86438,0,NA
86441,1,NA
86436,0,NA
86440,6,NA
86409,46,NA
86411,0,NA
86426,0,NA
86442,20,NA
86429,0,NA
85360,0,NA
86433,0,NA
86403,13,NA
86444,0,NA
86445,0,NA
86443,0,NA
86432,1,NA
85607,15,NA
85610,0,NA
85621,24,NA
85624,1,NA
85645,1,NA
85638,1,NA
85611,1,NA
85603,0,NA
85615,1,NA
85637,0,NA
85616,1,NA
85648,24,NA
85617,0,NA
85601,0,NA
85635,11,NA
85650,6,NA
85613,0,NA
85646,0,NA
85633,0,NA
85620,0,NA
85640,0,NA
85337,0,NA
85132,128,NA
85341,0,NA
85333,0,NA
85193,6,NA
85321,0,NA
85736,6,NA
85653,15,NA
85139,6,NA
85131,75,NA
85735,12,NA
85658,14,NA
85138,50,NA
85128,19,NA
85743,28,NA
85145,0,NA
85194,6,NA
85172,1,NA
85122,105,NA
85141,1,NA
85123,21,NA
85191,1,NA
85354,11,NA
85332,0,NA
85390,0,NA
85326,88,NA
85342,1,NA
86332,0,NA
85320,1,NA
85361,13,NA
85396,17,NA
85322,0,NA
85387,14,NA
85362,0,NA
85355,6,NA
85340,22,NA
85388,19,NA
85395,34,NA
85374,31,NA
85343,0,NA
85357,0,NA
85338,55,NA
85339,80,NA
85255,44,NA
85226,22,NA
85259,13,NA
85249,48,NA
85353,95,NA
85042,61,NA
85043,59,NA
85253,46,NA
85045,6,NA
85308,52,NA
85050,25,NA
85024,14,NA
85041,81,NA
85323,74,NA
85286,41,NA
85260,37,NA
85009,72,NA
85248,50,NA
85345,104,NA
85254,37,NA
85281,75,NA
85375,55,NA
85225,90,NA
85032,91,NA
85379,42,NA
85034,24,NA
85282,45,NA
85022,56,NA
85351,48,NA
85028,19,NA
85027,32,NA
85204,69,NA
85373,6,NA
85008,166,NA
85392,58,NA
85083,16,NA
85018,39,NA
85233,38,NA
85040,37,NA
85382,133,NA
85335,56,NA
85016,60,NA
85258,21,NA
85044,38,NA
85224,176,NA
85301,148,NA
85201,33,NA
85310,14,NA
85307,6,NA
85048,39,NA
85283,61,NA
85020,31,NA
85037,111,NA
85284,12,NA
85029,59,NA
85023,28,NA
85054,14,NA
85251,52,NA
85021,77,NA
85202,148,NA
85210,41,NA
85305,55,NA
85381,40,NA
85051,58,NA
85257,121,NA
85303,77,NA
85033,129,NA
85302,99,NA
85306,15,NA
85304,38,NA
85035,111,NA
85053,35,NA
85017,66,NA
85015,96,NA
85309,1,NA
85250,6,NA
85378,12,NA
85007,37,NA
85031,68,NA
85014,61,NA
85006,27,NA
85013,30,NA
85019,53,NA
85012,13,NA
85003,18,NA
85004,22,NA
85363,56,NA
85329,1,NA
85287,1,NA
85190,0,NA
85118,14,NA
85173,1,NA
85142,73,NA
85215,16,NA
85140,43,NA
85143,53,NA
85119,20,NA
85207,49,NA
85212,36,NA
85120,27,NA
85268,28,NA
85298,33,NA
85295,42,NA
85234,37,NA
85296,30,NA
85297,44,NA
85209,61,NA
85203,70,NA
85205,74,NA
85206,174,NA
85213,26,NA
85208,35,NA
85541,6,NA
86333,6,NA
85324,0,NA
86343,0,NA
85262,13,NA
85331,18,NA
85383,46,NA
85553,0,NA
85087,1,NA
85544,1,NA
85086,31,NA
85085,17,NA
85266,1,NA
85263,1,NA
85377,1,NA
85643,0,NA
85546,11,NA
85602,1,NA
85632,0,NA
85543,6,NA
85631,1,NA
85192,1,NA
85641,24,NA
85605,1,NA
85534,0,NA
85625,0,NA
85629,38,NA
85630,1,NA
85623,1,NA
85606,0,NA
85619,0,NA
85609,0,NA
85756,67,NA
85739,6,NA
85749,14,NA
85746,87,NA
85747,22,NA
85618,1,NA
85745,75,NA
85614,95,NA
85757,42,NA
85750,21,NA
85622,6,NA
85552,1,NA
85718,45,NA
85742,22,NA
85755,6,NA
85730,48,NA
85713,78,NA
85704,55,NA
85737,6,NA
85748,28,NA
85135,0,NA
85707,0,NA
85705,69,NA
85706,116,NA
85710,66,NA
85741,59,NA
85711,74,NA
85719,53,NA
85540,1,NA
85716,54,NA
85712,85,NA
85715,19,NA
85714,132,NA
85701,13,NA
85708,0,NA
85531,0,NA
85901,17,NA
85501,6,NA
85545,0,NA
85137,1,NA
85539,0,NA
85929,1,NA
85935,6,NA
85923,0,NA
85934,0,NA
85554,0,NA
85532,1,NA
85533,1,NA
85938,0,NA
85925,1,NA
85536,1,NA
85922,0,NA
85920,0,NA
85927,0,NA
85932,0,NA
85940,0,NA
86046,1,NA
86337,0,NA
86301,29,NA
86320,1,NA
86334,1,NA
86305,6,NA
86321,0,NA
86303,1,NA
86338,0,NA
86323,6,NA
86437,1,NA
86024,0,NA
86004,83,NA
86001,45,NA
86336,6,NA
86018,0,NA
86017,1,NA
86326,68,NA
86322,6,NA
86327,6,NA
86331,0,NA
86005,20,NA
86324,1,NA
86038,0,NA
86325,1,NA
86315,11,NA
86335,1,NA
86314,31,NA
86351,1,NA
86015,1,NA
86329,0,NA
86021,1,NA
86052,0,NA
86023,1,NA
86022,0,NA
86036,0,NA
86040,120,NA
86047,83,NA
85936,0,NA
86025,13,NA
85924,0,NA
85937,1,NA
85933,1,NA
85928,0,NA
85931,0,NA
86029,1,NA
86032,1,NA
85939,1,NA
85942,0,NA
02122_02124,1622,4661
02121_02125,1399,3865
02128,1182,3053
02136,887,2947
02111_02118,706,2476
02130,580,2073
02126,620,1686
02131,579,1937
02163_02134_02135,640,2397
02119_02120,779,2659
02115_02215,220,1278
02127_02210,393,1457
02132,368,1414
02129,140,757
02108_02114_02116_02199_02222_02109_02110_02013,330,2168
Unassigned,144,1244
60618,588,2226
60653,315,1196
60652,425,1337
60630,390,1605
60646,210,1106
60613,242,1044
60616,262,1146
60619,609,2231
60657,216,1281
60609,783,2002
60612,402,1563
60622,350,1309
60625,692,2207
60661,26,160
60629,1408,3341
60655,174,1145
60621,321,984
60624,467,1486
60620,732,2555
60605,129,707
60656,147,889
60660,244,931
60614,291,1469
60707,40,469
60617,563,2363
60633,60,247
60601,56,266
60604,9,36
60647,601,2133
60607,305,1003
60640,502,1784
60643,522,2224
60610,150,793
60659,412,1168
60637,348,1733
60628,657,2199
60666,NA,0
60631,138,1083
60651,775,2254
60608,854,2534
60603,5,28
60654,103,405
60641,637,2109
60644,680,2079
60636,394,1036
60615,245,1201
60827,22,131
60642,93,470
60602,5,42
Unknown,334,5082
60632,1291,2856
60649,491,1669
60634,706,3057
60611,98,814
60626,574,1649
60639,1469,3470
60645,670,1885
60638,573,1984
60606,29,179
60623,1494,3211
30084,200,NA
30083,195,NA
30058,180,NA
30034,163,NA
30329,148,NA
30032,138,NA
30038,132,NA
30341,118,NA
30021,113,NA
(blank),103,NA
30340,100,NA
30319,92,NA
30087,78,NA
30033,77,NA
30316,72,NA
30294,71,NA
30035,69,NA
30088,69,NA
30030,68,NA
30345,63,NA
30338,62,NA
30360,36,NA
30317,27,NA
30307,24,NA
30002,18,NA
30306,17,NA
30288,16,NA
30324,14,NA
30346,10,NA
30079,6,NA
30322,6,NA
79821,4,NA
79835,43,NA
79836,10,NA
79838,14,NA
79849,25,NA
79853,24,NA
79901,15,NA
79902,18,NA
79903,46,NA
79904,42,NA
79905,60,NA
79907,76,NA
79911,8,NA
79912,102,NA
79915,64,NA
79922,7,NA
79924,72,NA
79925,58,NA
79927,80,NA
79928,100,NA
79930,43,NA
79932,57,NA
79934,32,NA
79935,32,NA
79936,179,NA
79938,202,NA
14001,25,NA
14004,52,NA
14006,14,NA
14025,10,NA
14026,4,NA
14030,1,NA
14031,45,NA
14032,29,NA
14033,1,NA
14034,1,NA
14043,65,NA
14047,13,NA
14051,65,NA
14052,205,NA
14055,1,NA
14057,13,NA
14059,34,NA
14068,77,NA
14069,3,NA
14070,10,NA
14075,131,NA
14080,15,NA
14081,4,NA
14085,17,NA
14086,146,NA
14091,1,NA
14102,5,NA
14111,8,NA
14127,164,NA
14134,1,NA
14139,3,NA
14141,29,NA
14170,4,NA
14201,74,NA
14202,12,NA
14203,11,NA
14204,57,NA
14206,79,NA
14208,109,NA
14209,160,NA
14210,61,NA
14211,148,NA
14212,70,NA
14213,153,NA
14214,88,NA
14215,360,NA
14216,88,NA
14217,125,NA
14218,64,NA
14219,42,NA
14220,100,NA
14221,306,NA
14222,40,NA
14223,74,NA
14224,169,NA
14225,167,NA
14226,98,NA
14227,171,NA
14228,64,NA
14260,0,NA
14013,0,NA
14037,0,NA
14145,0,NA
14072,49,NA
14207,172,NA
14150,169,NA
00041,0,NA
00042,0,NA
00045,0,NA
00053,0,NA
00087,0,NA
00097,0,NA
00098,0,NA
32003,34,NA
32008,0,NA
32008,0,NA
32008,0,NA
32008,0,NA
32009,0,NA
32011,15,NA
32013,0,NA
32024,21,NA
32024,0,NA
32025,48,NA
32033,0,NA
32034,21,NA
32038,6,NA
32040,0,NA
32043,71,NA
32043,0,NA
32044,0,NA
32044,0,NA
32046,11,NA
32052,14,NA
32053,0,NA
32054,0,NA
32054,0,NA
32055,24,NA
32058,0,NA
32058,0,NA
32058,0,NA
32059,0,NA
32060,32,NA
32061,0,NA
32062,5,NA
32063,20,NA
32064,100,NA
32065,45,NA
32066,0,NA
32068,49,NA
32071,0,NA
32073,88,NA
32080,0,NA
32080,12,NA
32081,0,NA
32081,38,NA
32082,37,NA
32083,0,NA
32084,27,NA
32086,18,NA
32087,0,NA
32091,45,NA
32091,0,NA
32092,25,NA
32094,0,NA
32094,0,NA
32095,5,NA
32096,0,NA
32096,0,NA
32096,0,NA
32097,10,NA
32102,0,NA
32102,0,NA
32110,17,NA
32112,7,NA
32113,7,NA
32114,35,NA
32117,16,NA
32118,7,NA
32119,10,NA
32124,136,NA
32127,10,NA
32128,18,NA
32129,14,NA
32130,0,NA
32131,13,NA
32131,0,NA
32132,0,NA
32134,0,NA
32134,0,NA
32136,12,NA
32136,0,NA
32137,57,NA
32139,0,NA
32140,0,NA
32141,9,NA
32145,0,NA
32148,16,NA
32159,16,NA
32159,5,NA
32162,0,NA
32162,54,NA
32163,0,NA
32163,18,NA
32164,57,NA
32168,20,NA
32169,0,NA
32174,0,NA
32174,79,NA
32176,13,NA
32177,82,NA
32179,0,NA
32180,0,NA
32181,0,NA
32187,0,NA
32189,0,NA
32190,0,NA
32193,0,NA
32195,0,NA
32195,0,NA
32202,24,NA
32204,24,NA
32205,17,NA
32206,16,NA
32207,178,NA
32208,60,NA
32209,34,NA
32210,97,NA
32211,27,NA
32212,22,NA
32214,0,NA
32216,65,NA
32217,14,NA
32218,72,NA
32219,11,NA
32220,9,NA
32221,20,NA
32222,15,NA
32223,16,NA
32224,32,NA
32225,45,NA
32226,22,NA
32227,0,NA
32233,10,NA
32234,0,NA
32234,0,NA
32234,0,NA
32234,0,NA
32244,44,NA
32246,35,NA
32250,35,NA
32254,15,NA
32256,64,NA
32257,26,NA
32258,28,NA
32259,46,NA
32266,0,NA
32277,20,NA
32301,21,NA
32303,35,NA
32304,67,NA
32305,14,NA
32306,0,NA
32308,30,NA
32309,0,NA
32309,13,NA
32310,20,NA
32311,14,NA
32312,17,NA
32317,6,NA
32320,0,NA
32321,196,NA
32322,0,NA
32324,13,NA
32327,0,NA
32327,26,NA
32328,0,NA
32331,0,NA
32331,0,NA
32331,0,NA
32332,11,NA
32333,14,NA
32334,0,NA
32336,0,NA
32336,0,NA
32336,0,NA
32340,51,NA
32343,9,NA
32344,26,NA
32346,0,NA
32346,0,NA
32347,0,NA
32348,0,NA
32350,0,NA
32351,57,NA
32352,21,NA
32355,0,NA
32356,0,NA
32358,0,NA
32358,0,NA
32359,0,NA
32359,0,NA
32360,0,NA
32399,0,NA
32401,19,NA
32403,0,NA
32404,16,NA
32405,14,NA
32407,7,NA
32408,6,NA
32409,0,NA
32413,0,NA
32420,0,NA
32420,0,NA
32421,0,NA
32423,0,NA
32424,24,NA
32425,7,NA
32425,0,NA
32426,0,NA
32427,0,NA
32428,0,NA
32428,10,NA
32430,0,NA
32431,0,NA
32431,0,NA
32433,15,NA
32435,20,NA
32437,0,NA
32437,0,NA
32438,0,NA
32438,0,NA
32438,0,NA
32439,0,NA
32440,0,NA
32440,0,NA
32442,0,NA
32442,0,NA
32443,0,NA
32444,6,NA
32445,0,NA
32446,6,NA
32448,5,NA
32449,0,NA
32455,0,NA
32455,0,NA
32456,0,NA
32456,0,NA
32459,11,NA
32460,78,NA
32461,0,NA
32462,0,NA
32462,0,NA
32462,0,NA
32464,0,NA
32464,0,NA
32465,0,NA
32465,0,NA
32466,0,NA
32466,0,NA
32466,0,NA
32501,52,NA
32502,90,NA
32503,40,NA
32504,72,NA
32505,49,NA
32506,28,NA
32507,18,NA
32508,0,NA
32509,0,NA
32511,9,NA
32512,0,NA
32514,70,NA
32526,44,NA
32531,0,NA
32531,0,NA
32533,41,NA
32534,23,NA
32535,0,NA
32536,5,NA
32539,15,NA
32539,0,NA
32541,31,NA
32542,0,NA
32542,0,NA
32544,0,NA
32547,45,NA
32548,20,NA
32550,0,NA
32561,0,NA
32561,13,NA
32563,11,NA
32564,0,NA
32564,0,NA
32565,0,NA
32566,33,NA
32567,0,NA
32567,0,NA
32568,0,NA
32569,8,NA
32570,22,NA
32571,24,NA
32577,0,NA
32578,23,NA
32578,0,NA
32579,12,NA
32580,0,NA
32583,69,NA
32601,58,NA
32603,0,NA
32605,27,NA
32606,13,NA
32607,32,NA
32608,52,NA
32609,29,NA
32610,0,NA
32611,0,NA
32615,14,NA
32617,0,NA
32618,0,NA
32618,0,NA
32619,0,NA
32621,5,NA
32622,0,NA
32622,0,NA
32625,0,NA
32626,0,NA
32628,5,NA
32631,0,NA
32640,7,NA
32640,0,NA
32641,24,NA
32643,5,NA
32643,0,NA
32643,0,NA
32648,0,NA
32653,14,NA
32656,0,NA
32656,7,NA
32666,0,NA
32666,0,NA
32666,0,NA
32666,0,NA
32667,0,NA
32667,0,NA
32668,0,NA
32668,0,NA
32669,15,NA
32669,0,NA
32669,0,NA
32680,7,NA
32686,0,NA
32693,0,NA
32693,0,NA
32694,0,NA
32696,10,NA
32696,0,NA
32701,20,NA
32702,0,NA
32702,0,NA
32703,51,NA
32703,0,NA
32707,23,NA
32708,33,NA
32709,0,NA
32712,59,NA
32713,23,NA
32714,67,NA
32720,0,NA
32720,19,NA
32724,22,NA
32725,49,NA
32726,17,NA
32730,6,NA
32732,0,NA
32735,0,NA
32736,0,NA
32738,28,NA
32744,0,NA
32746,42,NA
32750,34,NA
32751,15,NA
32751,0,NA
32754,0,NA
32754,0,NA
32757,14,NA
32757,0,NA
32759,0,NA
32763,17,NA
32764,0,NA
32765,44,NA
32766,14,NA
32767,0,NA
32771,56,NA
32773,33,NA
32776,0,NA
32776,0,NA
32778,17,NA
32779,19,NA
32780,15,NA
32784,0,NA
32784,0,NA
32789,28,NA
32792,19,NA
32792,0,NA
32796,0,NA
32798,0,NA
32801,26,NA
32803,28,NA
32804,6,NA
32805,21,NA
32806,26,NA
32807,31,NA
32808,41,NA
32809,27,NA
32810,30,NA
32811,43,NA
32812,41,NA
32814,7,NA
32815,0,NA
32816,0,NA
32817,24,NA
32818,40,NA
32819,27,NA
32820,12,NA
32821,39,NA
32822,107,NA
32824,87,NA
32825,62,NA
32826,13,NA
32827,19,NA
32828,80,NA
32829,28,NA
32830,0,NA
32831,0,NA
32832,35,NA
32833,0,NA
32835,34,NA
32836,21,NA
32837,72,NA
32839,65,NA
32901,25,NA
32903,0,NA
32904,13,NA
32905,12,NA
32907,22,NA
32908,7,NA
32909,15,NA
32920,0,NA
32922,13,NA
32925,0,NA
32926,21,NA
32927,11,NA
32931,7,NA
32934,13,NA
32935,28,NA
32937,22,NA
32940,34,NA
32948,0,NA
32948,0,NA
32949,0,NA
32950,0,NA
32951,0,NA
32952,13,NA
32953,14,NA
32955,12,NA
32958,9,NA
32960,33,NA
32962,13,NA
32963,9,NA
32963,0,NA
32966,7,NA
32967,13,NA
32968,0,NA
32976,0,NA
33004,29,NA
33009,113,NA
33010,200,NA
33012,511,NA
33013,130,NA
33014,132,NA
33015,283,NA
33016,283,NA
33018,212,NA
33019,36,NA
33020,118,NA
33021,156,NA
33023,250,NA
33024,230,NA
33025,259,NA
33026,65,NA
33027,171,NA
33028,458,NA
33029,120,NA
33030,110,NA
33031,18,NA
33032,161,NA
33033,226,NA
33034,144,NA
33034,0,NA
33035,38,NA
33036,0,NA
33037,16,NA
33039,0,NA
33040,49,NA
33042,5,NA
33043,0,NA
33050,5,NA
33054,149,NA
33055,206,NA
33056,203,NA
33060,98,NA
33062,33,NA
33063,129,NA
33064,153,NA
33065,128,NA
33066,21,NA
33067,37,NA
33068,177,NA
33069,144,NA
33070,5,NA
33071,81,NA
33073,62,NA
33076,52,NA
33109,7,NA
33122,16,NA
33125,798,NA
33126,283,NA
33127,164,NA
33128,162,NA
33129,41,NA
33130,211,NA
33131,64,NA
33132,62,NA
33133,212,NA
33134,129,NA
33135,174,NA
33136,411,NA
33137,155,NA
33138,133,NA
33139,214,NA
33140,392,NA
33141,139,NA
33142,475,NA
33143,309,NA
33144,154,NA
33145,103,NA
33146,71,NA
33147,264,NA
33149,68,NA
33150,176,NA
33154,54,NA
33155,169,NA
33156,94,NA
33157,561,NA
33158,9,NA
33160,164,NA
33161,456,NA
33162,263,NA
33165,276,NA
33166,230,NA
33167,90,NA
33168,130,NA
33169,216,NA
33170,45,NA
33172,168,NA
33173,88,NA
33174,106,NA
33175,220,NA
33176,182,NA
33177,234,NA
33178,212,NA
33179,218,NA
33180,212,NA
33181,80,NA
33182,51,NA
33183,121,NA
33184,76,NA
33185,67,NA
33186,193,NA
33187,67,NA
33189,78,NA
33190,46,NA
33193,165,NA
33194,31,NA
33196,193,NA
33199,0,NA
33301,58,NA
33304,64,NA
33305,91,NA
33306,8,NA
33308,64,NA
33309,166,NA
33311,336,NA
33312,132,NA
33313,299,NA
33314,70,NA
33315,58,NA
33316,35,NA
33317,83,NA
33319,199,NA
33321,114,NA
33322,81,NA
33323,41,NA
33324,81,NA
33325,56,NA
33326,75,NA
33327,36,NA
33328,47,NA
33330,26,NA
33331,74,NA
33332,13,NA
33334,90,NA
33351,74,NA
33401,110,NA
33403,20,NA
33404,70,NA
33405,35,NA
33406,92,NA
33407,147,NA
33408,29,NA
33409,57,NA
33410,78,NA
33411,106,NA
33412,26,NA
33413,22,NA
33414,79,NA
33415,148,NA
33417,65,NA
33418,63,NA
33426,72,NA
33428,81,NA
33430,207,NA
33431,31,NA
33432,22,NA
33433,145,NA
33434,39,NA
33435,163,NA
33436,80,NA
33437,86,NA
33438,0,NA
33438,0,NA
33440,124,NA
33440,0,NA
33441,68,NA
33442,53,NA
33444,84,NA
33445,76,NA
33446,81,NA
33449,32,NA
33455,21,NA
33458,0,NA
33458,140,NA
33460,182,NA
33461,141,NA
33462,93,NA
33463,179,NA
33467,104,NA
33469,0,NA
33469,16,NA
33470,35,NA
33471,7,NA
33472,26,NA
33473,16,NA
33476,51,NA
33477,20,NA
33478,0,NA
33478,17,NA
33480,21,NA
33483,21,NA
33484,123,NA
33486,89,NA
33487,31,NA
33493,78,NA
33496,46,NA
33498,27,NA
33510,16,NA
33511,52,NA
33513,118,NA
33514,0,NA
33523,0,NA
33523,8,NA
33525,38,NA
33527,7,NA
33534,6,NA
33538,22,NA
33540,0,NA
33540,0,NA
33541,8,NA
33542,16,NA
33543,21,NA
33544,18,NA
33545,15,NA
33547,8,NA
33547,0,NA
33548,0,NA
33548,0,NA
33549,5,NA
33549,0,NA
33556,11,NA
33556,0,NA
33558,8,NA
33558,0,NA
33559,7,NA
33559,0,NA
33563,61,NA
33565,8,NA
33566,23,NA
33567,8,NA
33569,15,NA
33570,28,NA
33572,14,NA
33573,22,NA
33576,0,NA
33578,47,NA
33579,25,NA
33584,15,NA
33585,0,NA
33592,9,NA
33594,17,NA
33596,12,NA
33597,0,NA
33597,0,NA
33597,7,NA
33598,29,NA
33598,0,NA
33602,30,NA
33603,14,NA
33604,21,NA
33605,16,NA
33606,23,NA
33607,45,NA
33609,19,NA
33610,36,NA
33611,36,NA
33612,128,NA
33613,35,NA
33614,47,NA
33615,48,NA
33616,21,NA
33617,44,NA
33618,10,NA
33619,54,NA
33620,0,NA
33621,0,NA
33624,28,NA
33625,16,NA
33626,25,NA
33629,21,NA
33634,7,NA
33635,8,NA
33637,23,NA
33647,62,NA
33701,23,NA
33702,36,NA
33703,14,NA
33704,10,NA
33705,21,NA
33706,11,NA
33707,15,NA
33708,7,NA
33709,36,NA
33710,30,NA
33711,15,NA
33712,30,NA
33713,23,NA
33714,11,NA
33715,14,NA
33716,16,NA
33755,12,NA
33756,43,NA
33759,16,NA
33760,10,NA
33761,12,NA
33762,0,NA
33763,12,NA
33764,13,NA
33765,9,NA
33767,9,NA
33770,18,NA
33771,34,NA
33772,62,NA
33773,13,NA
33774,33,NA
33776,17,NA
33777,16,NA
33778,11,NA
33781,20,NA
33782,8,NA
33785,8,NA
33786,0,NA
33801,25,NA
33803,23,NA
33805,43,NA
33809,19,NA
33810,0,NA
33810,29,NA
33811,0,NA
33812,10,NA
33813,90,NA
33815,12,NA
33823,18,NA
33825,0,NA
33825,29,NA
33825,0,NA
33827,0,NA
33830,39,NA
33834,21,NA
33834,0,NA
33837,24,NA
33838,0,NA
33839,0,NA
33841,10,NA
33843,5,NA
33844,13,NA
33849,0,NA
33850,5,NA
33852,11,NA
33853,15,NA
33854,0,NA
33855,0,NA
33856,0,NA
33857,0,NA
33859,0,NA
33860,12,NA
33865,0,NA
33867,0,NA
33868,0,NA
33870,32,NA
33872,11,NA
33873,11,NA
33875,6,NA
33876,0,NA
33880,27,NA
33881,48,NA
33884,43,NA
33890,0,NA
33896,0,NA
33896,10,NA
33897,33,NA
33898,0,NA
33898,11,NA
33901,80,NA
33903,14,NA
33904,35,NA
33905,61,NA
33907,82,NA
33908,88,NA
33909,43,NA
33912,38,NA
33913,40,NA
33914,51,NA
33916,59,NA
33917,0,NA
33917,26,NA
33919,34,NA
33920,6,NA
33921,0,NA
33922,0,NA
33924,0,NA
33928,45,NA
33931,11,NA
33935,0,NA
33935,27,NA
33936,0,NA
33936,41,NA
33944,0,NA
33946,0,NA
33947,12,NA
33948,29,NA
33950,27,NA
33952,67,NA
33953,7,NA
33954,10,NA
33955,7,NA
33955,0,NA
33956,0,NA
33957,11,NA
33960,0,NA
33960,0,NA
33965,0,NA
33966,23,NA
33967,18,NA
33971,81,NA
33972,35,NA
33973,33,NA
33974,37,NA
33976,33,NA
33980,86,NA
33981,14,NA
33982,10,NA
33983,24,NA
33990,35,NA
33991,23,NA
33993,46,NA
34102,34,NA
34103,15,NA
34104,40,NA
34105,16,NA
34108,20,NA
34109,45,NA
34110,49,NA
34110,0,NA
34112,68,NA
34113,65,NA
34114,31,NA
34116,73,NA
34117,16,NA
34119,47,NA
34119,0,NA
34120,59,NA
34134,0,NA
34134,17,NA
34135,84,NA
34138,0,NA
34139,0,NA
34140,0,NA
34141,0,NA
34142,89,NA
34142,0,NA
34145,17,NA
34201,0,NA
34202,30,NA
34203,107,NA
34205,47,NA
34207,71,NA
34208,212,NA
34209,52,NA
34210,31,NA
34211,11,NA
34212,17,NA
34215,0,NA
34216,0,NA
34217,0,NA
34219,26,NA
34221,111,NA
34222,23,NA
34223,0,NA
34223,8,NA
34224,9,NA
34224,0,NA
34228,0,NA
34228,0,NA
34229,6,NA
34231,29,NA
34232,19,NA
34233,19,NA
34234,28,NA
34235,21,NA
34236,25,NA
34237,50,NA
34238,22,NA
34239,29,NA
34240,0,NA
34240,5,NA
34241,0,NA
34242,8,NA
34243,20,NA
34243,0,NA
34251,8,NA
34251,0,NA
34266,40,NA
34266,0,NA
34269,11,NA
34275,10,NA
34285,10,NA
34286,25,NA
34287,27,NA
34288,17,NA
34289,0,NA
34291,8,NA
34292,7,NA
34293,33,NA
34420,6,NA
34428,6,NA
34429,6,NA
34431,0,NA
34431,0,NA
34432,6,NA
34433,0,NA
34434,12,NA
34436,0,NA
34442,6,NA
34445,0,NA
34446,5,NA
34448,5,NA
34449,0,NA
34449,0,NA
34450,10,NA
34452,26,NA
34453,7,NA
34461,9,NA
34465,6,NA
34470,10,NA
34471,22,NA
34472,22,NA
34473,22,NA
34474,16,NA
34475,0,NA
34476,22,NA
34479,5,NA
34480,7,NA
34481,9,NA
34482,11,NA
34484,0,NA
34488,0,NA
34491,26,NA
34498,0,NA
34601,14,NA
34602,0,NA
34604,8,NA
34606,14,NA
34607,0,NA
34608,29,NA
34609,16,NA
34610,5,NA
34613,7,NA
34614,0,NA
34637,12,NA
34638,19,NA
34639,20,NA
34652,9,NA
34653,10,NA
34654,10,NA
34655,18,NA
34661,0,NA
34667,13,NA
34668,19,NA
34669,0,NA
34677,9,NA
34681,0,NA
34683,23,NA
34684,36,NA
34685,0,NA
34688,6,NA
34689,25,NA
34690,7,NA
34691,9,NA
34695,13,NA
34698,21,NA
34705,0,NA
34711,33,NA
34714,43,NA
34715,10,NA
34731,0,NA
34734,9,NA
34736,15,NA
34737,0,NA
34739,0,NA
34739,0,NA
34741,71,NA
34743,69,NA
34744,110,NA
34746,78,NA
34747,36,NA
34748,34,NA
34753,12,NA
34756,0,NA
34758,40,NA
34759,0,NA
34759,46,NA
34760,0,NA
34761,50,NA
34762,0,NA
34769,74,NA
34771,29,NA
34772,24,NA
34773,5,NA
34785,9,NA
34786,39,NA
34787,0,NA
34787,57,NA
34788,5,NA
34797,0,NA
34945,0,NA
34946,0,NA
34947,9,NA
34949,0,NA
34950,18,NA
34951,19,NA
34952,44,NA
34953,47,NA
34956,90,NA
34957,12,NA
34957,0,NA
34972,18,NA
34972,0,NA
34972,0,NA
34974,0,NA
34974,0,NA
34974,0,NA
34974,9,NA
34974,0,NA
34981,0,NA
34982,24,NA
34983,45,NA
34984,16,NA
34986,32,NA
34987,13,NA
34988,0,NA
34990,33,NA
34990,0,NA
34994,26,NA
34996,14,NA
34997,53,NA
00043,0,NA
32323,0,NA
32815,0,NA
30331,282,NA
30318,195,NA
30349,198,NA
30213,131,NA
30315,112,NA
30344,98,NA
30311,105,NA
30342,142,NA
30314,68,NA
30310,94,NA
30308,70,NA
30022,75,NA
30327,77,NA
30004,78,NA
30309,114,NA
30076,66,NA
30291,127,NA
30350,64,NA
30075,95,NA
30328,72,NA
30316,35,NA
30312,188,NA
30005,46,NA
30305,67,NA
30306,39,NA
30324,61,NA
30337,25,NA
30009,34,NA
30313,30,NA
30326,21,NA
30097,35,NA
30354,32,NA
30303,28,NA
30339,12,NA
30268,19,NA
30307,14,NA
30319,19,NA
30336,12,NA
30296,0,NA
30363,0,NA
30301,0,NA
30345,0,NA
31131,0,NA
30023,0,NA
30080,0,NA
30135,0,NA
3,0,NA
4,0,NA
5,0,NA
8,0,NA
9,2,NA
10,0,NA
11,3,NA
12,0,NA
13,0,NA
1,0,NA
2,0,NA
6,0,NA
7,0,NA
Unassigned,4,NA
77493,71,NA
77386,3,NA
77484,3,NA
77354,0,NA
77584,0,NA
77357,0,NA
77520,51,NA
77503,17,NA
77447,8,NA
77535,0,NA
77336,2,NA
77562,6,NA
77355,0,NA
77007,60,NA
77536,37,NA
77506,41,NA
77006,68,NA
77009,56,NA
77011,55,NA
77023,68,NA
77028,60,NA
77547,9,NA
77020,60,NA
77004,71,NA
77032,34,NA
77396,116,NA
77587,10,NA
77029,38,NA
77502,49,NA
77504,28,NA
77047,86,NA
77048,55,NA
77003,18,NA
77002,145,NA
77078,32,NA
77044,110,NA
77046,2,NA
77530,39,NA
77015,102,NA
77532,26,NA
77049,51,NA
77013,32,NA
77051,61,NA
77025,48,NA
77030,72,NA
77054,55,NA
77507,0,NA
77586,21,NA
77058,16,NA
77062,27,NA
77598,27,NA
77063,71,NA
77069,24,NA
77377,51,NA
77070,66,NA
77375,58,NA
77379,76,NA
77338,130,NA
77036,167,NA
77057,126,NA
77076,71,NA
77037,26,NA
77024,68,NA
77056,32,NA
77081,88,NA
77005,33,NA
77042,68,NA
77494,16,NA
77099,131,NA
77498,0,NA
77072,121,NA
77407,1,NA
77083,79,NA
77045,109,NA
77053,68,NA
77477,6,NA
77031,48,NA
77085,54,NA
77489,22,NA
77064,81,NA
77066,54,NA
77086,42,NA
77021,98,NA
77033,97,NA
77012,33,NA
77017,47,NA
77087,117,NA
77061,32,NA
77038,40,NA
77075,72,NA
77581,3,NA
77034,52,NA
77089,74,NA
77068,24,NA
77014,75,NA
77388,40,NA
77373,112,NA
77067,63,NA
77090,97,NA
77060,64,NA
77073,133,NA
77018,31,NA
77088,127,NA
77022,37,NA
77091,73,NA
77008,55,NA
77055,84,NA
77092,45,NA
77039,43,NA
77050,12,NA
77016,75,NA
77026,65,NA
77093,77,NA
77450,49,NA
77449,242,NA
77079,35,NA
77094,8,NA
77077,65,NA
77082,107,NA
77040,67,NA
77065,39,NA
77080,114,NA
77043,42,NA
77084,229,NA
77041,53,NA
77095,63,NA
77433,107,NA
77429,96,NA
77059,14,NA
77505,31,NA
77401,19,NA
77074,88,NA
77071,58,NA
77035,70,NA
77096,69,NA
77027,25,NA
77019,42,NA
77098,16,NA
77523,1,NA
77521,81,NA
77565,0,NA
77573,3,NA
77382,0,NA
77381,1,NA
77389,39,NA
77380,1,NA
77571,63,NA
77365,2,NA
77362,0,NA
77339,44,NA
77010,1,NA
77345,7,NA
77546,26,NA
77346,90,NA
46324,7,99
53142,8,120
60002,67,507
60004,197,2206
60005,104,667
60007,160,770
60008,180,820
60010,67,660
60012,66,213
60013,59,359
60014,120,900
60015,130,737
60016,750,2392
60018,343,1117
60020,23,237
60021,11,90
60022,23,220
60025,244,1325
60026,97,456
60030,106,784
60031,203,1064
60033,88,358
60035,175,1030
60040,83,204
60041,28,183
60042,19,142
60043,14,98
60044,68,341
60045,101,592
60046,127,703
60047,123,675
60048,85,556
60050,129,688
60051,67,495
60053,200,862
60056,394,1533
60060,271,926
60061,112,546
60062,229,1425
60064,434,825
60067,100,714
60068,205,953
60069,50,247
60070,130,454
60071,7,65
60073,494,1638
60074,226,994
60076,337,1587
60077,282,1328
60079,11,28
60081,32,176
60083,66,262
60084,113,309
60085,1620,3486
60087,426,1196
60088,40,82
60089,147,793
60090,393,1315
60091,112,836
60093,109,678
60096,22,138
60097,29,226
60098,217,800
60099,333,1060
60101,445,1406
60102,78,533
60103,153,893
60104,297,1032
60106,343,1117
60107,326,1211
60108,153,1229
60109,11,271
60110,323,907
60112,15,98
60115,73,760
60118,42,265
60119,20,208
60120,655,1605
60123,387,1303
60124,51,358
60126,169,1210
60130,85,624
60131,225,837
60133,410,1346
60134,89,519
60135,21,145
60136,28,154
60137,93,766
60139,341,1228
60140,54,349
60141,8,195
60142,51,575
60143,108,478
60146,6,34
60148,185,1233
60152,39,224
60153,303,1281
60154,133,781
60155,123,409
60156,79,540
60157,9,49
60160,426,1348
60162,101,425
60163,59,224
60164,311,1439
60165,121,285
60169,229,857
60171,69,396
60172,140,611
60173,46,217
60174,92,979
60175,50,475
60176,95,404
60177,162,523
60178,28,332
60181,157,781
60185,414,1341
60187,78,700
60188,313,1305
60189,58,601
60190,24,358
60191,112,442
60192,31,276
60193,139,782
60194,75,444
60195,10,79
60201,239,1619
60202,258,1412
60203,21,171
60301,17,109
60302,151,1172
60304,57,541
60305,36,342
60401,32,265
60402,866,3284
60403,124,731
60404,80,608
60406,307,1249
60408,12,113
60409,393,1933
60410,29,315
60411,636,3119
60415,144,491
60417,112,636
60418,69,301
60419,256,1360
60420,6,71
60421,6,75
60422,71,474
60423,106,704
60425,97,614
60426,326,1651
60428,149,860
60429,175,1163
60430,214,1035
60431,126,891
60432,187,754
60433,171,649
60434,134,91
60435,452,2241
60436,126,767
60438,255,1263
60439,66,539
60440,582,2350
60441,143,843
60442,30,218
60443,273,1294
60445,104,674
60446,321,1588
60447,26,332
60448,98,506
60449,60,394
60450,24,322
60451,73,609
60452,138,859
60453,506,2010
60455,227,941
60456,36,173
60457,92,356
60458,89,521
60459,266,1049
60461,46,298
60462,191,1077
60463,155,514
60464,32,231
60465,163,556
60466,406,1644
60467,115,614
60468,21,120
60469,42,250
60471,168,808
60472,50,326
60473,290,1447
60475,57,368
60476,14,102
60477,168,1036
60478,256,1426
60480,23,168
60481,17,227
60482,64,329
60484,91,396
60487,97,642
60490,111,683
60491,101,524
60501,184,519
60502,54,418
60503,40,271
60504,180,893
60505,1000,2348
60506,571,2314
60510,63,606
60513,105,834
60514,33,295
60515,59,526
60516,80,604
60517,148,885
60520,7,49
60521,167,666
60523,79,399
60525,191,1312
60526,50,565
60527,179,1153
60532,81,570
60534,96,440
60538,167,663
60540,84,915
60542,74,485
60543,158,753
60544,112,863
60545,89,412
60546,100,786
60548,41,242
60551,16,61
60552,6,76
60554,24,240
60555,75,383
60558,25,315
60559,240,968
60560,52,389
60561,84,674
60563,113,936
60564,97,816
60565,141,755
60585,54,453
60586,219,1320
60601,64,474
60602,10,83
60603,6,49
60604,14,69
60605,142,1018
60606,40,317
60607,343,1292
60608,1145,3997
60609,1048,3034
60610,176,1327
60611,108,1463
60612,491,2557
60613,315,1509
60614,412,2485
60615,285,1909
60616,302,2015
60617,722,3991
60618,786,3290
60619,695,3445
60620,848,3755
60621,388,1590
60622,434,2020
60623,2166,5012
60624,582,2219
60625,904,3010
60626,699,2566
60628,788,3344
60629,1975,5262
60630,502,2230
60631,185,1531
60632,1890,4467
60633,203,1294
60634,949,4410
60636,502,1579
60637,432,2749
60638,744,3103
60639,2082,5337
60640,603,2559
60641,855,3157
60642,109,726
60643,576,3010
60644,822,3218
60645,787,2793
60646,262,1489
60647,820,3257
60649,586,2779
60651,1052,3334
60652,589,2120
60653,373,1922
60654,119,643
60655,198,1496
60656,187,1273
60657,252,1957
60659,519,1664
60660,289,1241
60661,31,281
60706,247,1387
60707,537,2396
60712,126,589
60714,537,1702
60803,169,809
60804,1838,5093
60805,180,687
60827,248,1250
60901,317,1699
60912,6,18
60914,94,811
60915,35,357
60922,10,87
60927,41,115
60928,6,14
60950,58,523
60954,19,268
60955,10,32
60958,18,72
60964,18,111
60970,9,147
61008,212,847
61010,6,127
61016,18,153
61021,57,591
61032,98,466
61054,6,92
61061,6,127
61064,9,58
61065,20,197
61068,114,806
61071,25,164
61072,20,181
61073,26,345
61080,21,158
61081,57,275
61084,6,30
61088,6,121
61101,144,951
61102,117,757
61103,119,974
61104,145,671
61107,94,964
61108,161,911
61109,120,818
61111,49,544
61114,49,393
61115,48,509
61201,146,665
61235,8,50
61240,8,85
61241,13,121
61244,137,479
61252,13,55
61254,7,220
61264,18,189
61265,164,866
61270,6,90
61275,8,61
61282,31,154
61341,29,226
61342,15,115
61350,12,283
61354,6,186
61356,6,163
61401,66,862
61410,6,56
61443,16,219
61455,43,428
61462,96,430
61469,6,52
61525,6,143
61548,6,164
61554,17,707
61603,21,587
61604,24,851
61605,13,422
61610,6,93
61611,18,459
61614,43,633
61615,18,520
61701,38,1016
61704,24,799
61705,9,298
61761,37,950
61764,11,218
61801,23,547
61802,39,674
61820,42,603
61821,40,853
61822,30,628
61832,16,472
61853,12,344
61866,90,631
61874,11,205
61910,6,66
61920,44,247
61938,11,240
61953,9,122
62002,74,363
62010,11,88
62018,6,41
62024,7,64
62025,103,468
62034,50,170
62035,18,128
62040,64,415
62052,13,76
62056,12,156
62060,16,57
62062,7,153
62069,8,69
62088,6,207
62090,8,15
62095,14,100
62201,12,60
62203,26,120
62204,32,124
62205,36,143
62206,71,301
62207,48,127
62208,41,187
62220,84,205
62221,64,274
62223,41,157
62226,94,494
62230,7,85
62231,65,244
62232,9,59
62233,83,306
62234,40,286
62236,37,110
62239,11,35
62249,10,108
62254,25,94
62257,8,43
62258,14,77
62265,10,159
62269,61,277
62272,44,114
62274,9,93
62278,15,97
62285,6,34
62286,28,196
62288,31,140
62294,16,103
62295,7,16
62298,38,161
62301,20,648
62305,15,141
62353,6,179
62448,37,208
62454,8,107
62471,16,121
62521,88,629
62522,23,138
62526,28,325
62565,9,65
62568,26,239
62618,51,453
62629,11,313
62650,25,442
62656,9,410
62664,9,81
62675,6,153
62681,6,124
62684,65,285
62702,55,1023
62703,48,849
62704,33,965
62707,11,183
62711,20,441
62801,51,573
62832,16,225
62864,81,589
62882,8,66
62901,92,581
62902,12,78
62906,33,272
62907,12,47
62918,10,175
62920,20,99
62948,6,222
62959,23,538
62966,42,369
62992,22,66
88901,0,NA
88905,0,NA
89002,47,NA
89004,0,NA
89005,26,NA
89006,0,NA
89007,0,NA
89009,0,NA
89011,50,NA
89012,41,NA
89014,55,NA
89015,29,NA
89016,0,NA
89018,0,NA
89019,0,NA
89021,0,NA
89024,0,NA
89025,0,NA
89026,0,NA
89027,8,NA
89028,0,NA
89029,0,NA
89030,151,NA
89031,144,NA
89032,103,NA
89033,0,NA
89034,0,NA
89036,0,NA
89037,0,NA
89039,0,NA
89040,0,NA
89044,37,NA
89046,0,NA
89052,98,NA
89053,0,NA
89054,0,NA
89070,0,NA
89074,81,NA
89077,0,NA
89081,74,NA
89084,70,NA
89085,8,NA
89086,8,NA
89087,0,NA
89101,110,NA
89102,88,NA
89103,98,NA
89104,95,NA
89105,0,NA
89106,89,NA
89107,159,NA
89108,187,NA
89109,40,NA
89110,209,NA
89111,0,NA
89112,6,NA
89113,51,NA
89114,0,NA
89115,108,NA
89116,0,NA
89117,121,NA
89118,49,NA
89119,91,NA
89120,43,NA
89121,127,NA
89122,91,NA
89123,82,NA
89124,0,NA
89125,0,NA
89126,0,NA
89127,0,NA
89128,77,NA
89129,98,NA
89130,85,NA
89131,89,NA
89132,0,NA
89133,0,NA
89134,43,NA
89135,55,NA
89136,0,NA
89137,0,NA
89138,33,NA
89139,82,NA
89140,0,NA
89141,97,NA
89142,91,NA
89143,19,NA
89144,93,NA
89145,39,NA
89146,31,NA
89147,97,NA
89148,108,NA
89149,56,NA
89150,0,NA
89151,0,NA
89152,0,NA
89153,0,NA
89154,0,NA
89155,0,NA
89156,84,NA
89157,0,NA
89158,0,NA
89159,0,NA
89160,0,NA
89161,0,NA
89162,0,NA
89163,0,NA
89164,0,NA
89165,5,NA
89166,46,NA
89169,89,NA
89170,0,NA
89173,0,NA
89177,0,NA
89178,63,NA
89179,12,NA
89180,0,NA
89183,66,NA
89185,0,NA
89191,0,NA
89193,0,NA
89195,0,NA
89199,0,NA
00000,0,NA
20601,121,NA
20602,136,NA
20603,194,NA
20606,0,NA
20607,72,NA
20608,0,NA
20609,0,NA
20611,0,NA
20612,0,NA
20613,92,NA
20615,0,NA
20616,25,NA
20617,0,NA
20618,0,NA
20619,12,NA
20620,0,NA
20621,0,NA
20622,57,NA
20623,20,NA
20624,0,NA
20625,0,NA
20626,0,NA
20628,0,NA
20629,0,NA
20630,0,NA
20632,0,NA
20634,20,NA
20636,15,NA
20637,19,NA
20639,44,NA
20640,31,NA
20645,0,NA
20646,95,NA
20650,16,NA
20653,52,NA
20656,0,NA
20657,33,NA
20658,0,NA
20659,42,NA
20662,9,NA
20664,9,NA
20667,0,NA
20670,0,NA
20674,0,NA
20675,0,NA
20676,0,NA
20677,9,NA
20678,47,NA
20680,0,NA
20684,0,NA
20685,9,NA
20687,0,NA
20688,0,NA
20689,0,NA
20690,0,NA
20692,0,NA
20693,0,NA
20695,47,NA
20701,0,NA
20705,375,NA
20706,630,NA
20707,303,NA
20708,284,NA
20710,133,NA
20711,28,NA
20712,112,NA
20714,12,NA
20715,140,NA
20716,194,NA
20720,184,NA
20721,225,NA
20722,102,NA
20723,191,NA
20724,169,NA
20732,21,NA
20733,12,NA
20735,340,NA
20736,20,NA
20737,412,NA
20740,176,NA
20742,0,NA
20743,322,NA
20744,393,NA
20745,271,NA
20746,229,NA
20747,329,NA
20748,289,NA
20751,0,NA
20754,16,NA
20755,10,NA
20758,0,NA
20759,8,NA
20762,0,NA
20763,15,NA
20764,18,NA
20765,0,NA
20769,84,NA
20770,216,NA
20771,0,NA
20772,332,NA
20774,333,NA
20776,0,NA
20777,0,NA
20778,0,NA
20779,0,NA
20781,166,NA
20782,508,NA
20783,1147,NA
20784,545,NA
20785,430,NA
20794,154,NA
20812,0,NA
20814,154,NA
20815,129,NA
20816,43,NA
20817,126,NA
20818,0,NA
20832,84,NA
20833,15,NA
20837,16,NA
20838,0,NA
20839,0,NA
20841,42,NA
20842,0,NA
20850,192,NA
20851,87,NA
20852,160,NA
20853,186,NA
20854,200,NA
20855,54,NA
20860,46,NA
20861,0,NA
20862,0,NA
20866,87,NA
20868,0,NA
20871,67,NA
20872,57,NA
20874,311,NA
20876,158,NA
20877,385,NA
20878,190,NA
20879,186,NA
20882,46,NA
20886,303,NA
20889,0,NA
20892,0,NA
20894,0,NA
20895,110,NA
20899,0,NA
20901,298,NA
20902,584,NA
20903,444,NA
20904,544,NA
20905,106,NA
20906,687,NA
20910,296,NA
20912,208,NA
21001,42,NA
21005,0,NA
21009,51,NA
21010,0,NA
21012,114,NA
21013,0,NA
21014,115,NA
21015,46,NA
21017,10,NA
21028,0,NA
21029,30,NA
21030,80,NA
21031,0,NA
21032,48,NA
21034,0,NA
21035,10,NA
21036,0,NA
21037,86,NA
21040,83,NA
21042,63,NA
21043,179,NA
21044,139,NA
21045,211,NA
21046,55,NA
21047,18,NA
21048,14,NA
21050,141,NA
21051,0,NA
21053,8,NA
21054,74,NA
21056,0,NA
21057,0,NA
21060,150,NA
21061,267,NA
21071,0,NA
21074,23,NA
21075,143,NA
21076,80,NA
21077,0,NA
21078,20,NA
21082,0,NA
21084,13,NA
21085,43,NA
21087,11,NA
21090,55,NA
21093,87,NA
21102,19,NA
21104,12,NA
21108,55,NA
21111,0,NA
21113,75,NA
21114,86,NA
21117,276,NA
21120,0,NA
21122,160,NA
21128,27,NA
21131,10,NA
21132,0,NA
21133,304,NA
21136,140,NA
21140,0,NA
21144,115,NA
21146,67,NA
21152,0,NA
21153,0,NA
21154,10,NA
21155,0,NA
21156,0,NA
21157,153,NA
21158,72,NA
21160,0,NA
21161,10,NA
21162,0,NA
21163,13,NA
21201,51,NA
21202,113,NA
21204,78,NA
21205,92,NA
21206,268,NA
21207,312,NA
21208,245,NA
21209,104,NA
21210,18,NA
21211,28,NA
21212,82,NA
21213,144,NA
21214,84,NA
21215,470,NA
21216,110,NA
21217,121,NA
21218,224,NA
21219,24,NA
21220,209,NA
21221,143,NA
21222,257,NA
21223,106,NA
21224,483,NA
21225,178,NA
21226,21,NA
21227,202,NA
21228,383,NA
21229,309,NA
21230,151,NA
21231,80,NA
21234,304,NA
21235,0,NA
21236,97,NA
21237,193,NA
21239,168,NA
21240,0,NA
21241,0,NA
21244,231,NA
21250,0,NA
21251,0,NA
21252,0,NA
21286,54,NA
21287,0,NA
21401,244,NA
21402,0,NA
21403,252,NA
21405,0,NA
21409,47,NA
21502,119,NA
21520,0,NA
21521,0,NA
21522,0,NA
21523,0,NA
21530,0,NA
21531,0,NA
21532,18,NA
21536,0,NA
21538,0,NA
21539,0,NA
21540,0,NA
21541,0,NA
21545,0,NA
21550,0,NA
21555,0,NA
21557,0,NA
21561,0,NA
21562,0,NA
21601,46,NA
21607,0,NA
21610,0,NA
21612,0,NA
21613,60,NA
21617,17,NA
21619,12,NA
21620,77,NA
21622,0,NA
21623,0,NA
21625,0,NA
21626,0,NA
21627,0,NA
21629,20,NA
21631,0,NA
21632,41,NA
21634,0,NA
21635,0,NA
21636,0,NA
21638,10,NA
21639,10,NA
21640,11,NA
21643,19,NA
21644,0,NA
21645,0,NA
21647,0,NA
21648,0,NA
21649,29,NA
21650,0,NA
21651,13,NA
21652,0,NA
21654,0,NA
21655,13,NA
21657,0,NA
21658,0,NA
21659,0,NA
21660,0,NA
21661,0,NA
21662,0,NA
21663,0,NA
21665,0,NA
21666,16,NA
21667,0,NA
21668,0,NA
21669,0,NA
21671,0,NA
21672,0,NA
21673,0,NA
21675,0,NA
21676,0,NA
21677,0,NA
21678,10,NA
21679,0,NA
21701,230,NA
21702,358,NA
21703,305,NA
21704,84,NA
21710,0,NA
21711,0,NA
21713,25,NA
21716,21,NA
21718,0,NA
21719,0,NA
21722,8,NA
21723,0,NA
21727,15,NA
21733,0,NA
21737,0,NA
21738,11,NA
21740,123,NA
21742,52,NA
21750,11,NA
21754,11,NA
21755,15,NA
21756,0,NA
21757,0,NA
21758,10,NA
21766,0,NA
21767,0,NA
21769,9,NA
21770,23,NA
21771,161,NA
21773,0,NA
21774,39,NA
21776,12,NA
21777,0,NA
21778,0,NA
21779,0,NA
21780,0,NA
21782,0,NA
21783,16,NA
21784,99,NA
21787,20,NA
21788,25,NA
21790,0,NA
21791,8,NA
21793,38,NA
21794,10,NA
21795,11,NA
21797,19,NA
21798,0,NA
21801,182,NA
21804,278,NA
21811,54,NA
21813,0,NA
21814,0,NA
21817,9,NA
21821,0,NA
21822,0,NA
21824,0,NA
21826,25,NA
21829,0,NA
21830,0,NA
21835,0,NA
21837,0,NA
21838,0,NA
21840,0,NA
21841,0,NA
21842,14,NA
21849,8,NA
21850,8,NA
21851,27,NA
21853,22,NA
21856,0,NA
21862,0,NA
21863,9,NA
21864,0,NA
21865,0,NA
21869,0,NA
21871,0,NA
21872,0,NA
21874,0,NA
21875,17,NA
21890,0,NA
21901,24,NA
21903,0,NA
21904,10,NA
21911,86,NA
21912,0,NA
21915,0,NA
21917,0,NA
21918,0,NA
21919,0,NA
21921,76,NA
27006,14,NA
27007,1,NA
27009,2,NA
27011,7,NA
27012,20,NA
27013,10,NA
27014,0,NA
27016,0,NA
27017,10,NA
27018,8,NA
27019,2,NA
27020,8,NA
27021,3,NA
27022,0,NA
27023,23,NA
27024,2,NA
27025,5,NA
27027,0,NA
27028,22,NA
27030,21,NA
27040,7,NA
27041,2,NA
27042,2,NA
27043,3,NA
27045,5,NA
27046,0,NA
27047,1,NA
27048,5,NA
27050,1,NA
27051,7,NA
27052,5,NA
27053,0,NA
27054,1,NA
27055,27,NA
27101,17,NA
27103,46,NA
27104,68,NA
27105,36,NA
27106,37,NA
27107,69,NA
27127,36,NA
27157,NA,NA
27203,112,NA
27205,75,NA
27207,13,NA
27208,7,NA
27209,15,NA
27212,16,NA
27214,6,NA
27215,27,NA
27217,89,NA
27229,6,NA
27231,0,NA
27233,1,NA
27235,0,NA
27239,11,NA
27242,0,NA
27243,7,NA
27244,2,NA
27248,11,NA
27249,6,NA
27252,4,NA
27253,29,NA
27258,6,NA
27260,92,NA
27262,40,NA
27263,25,NA
27265,69,NA
27268,1,NA
27278,31,NA
27281,4,NA
27282,7,NA
27283,3,NA
27284,31,NA
27288,10,NA
27291,1,NA
27292,30,NA
27295,71,NA
27298,22,NA
27299,6,NA
27301,8,NA
27302,25,NA
27305,12,NA
27306,7,NA
27310,6,NA
27311,0,NA
27312,89,NA
27313,30,NA
27314,0,NA
27315,1,NA
27316,39,NA
27317,35,NA
27320,13,NA
27325,4,NA
27326,5,NA
27330,202,NA
27332,90,NA
27340,NA,NA
27341,7,NA
27343,1,NA
27344,299,NA
27349,5,NA
27350,2,NA
27355,17,NA
27356,4,NA
27357,14,NA
27358,8,NA
27360,51,NA
27370,15,NA
27371,6,NA
27376,7,NA
27377,11,NA
27379,6,NA
27401,22,NA
27403,15,NA
27405,63,NA
27406,48,NA
27407,73,NA
27408,9,NA
27409,12,NA
27410,22,NA
27411,0,NA
27412,0,NA
27455,15,NA
27498,NA,NA
27501,19,NA
27502,40,NA
27503,6,NA
27504,25,NA
27505,26,NA
27507,3,NA
27508,3,NA
27509,115,NA
27510,17,NA
27511,22,NA
27513,35,NA
27514,64,NA
27516,40,NA
27517,41,NA
27518,13,NA
27519,33,NA
27520,80,NA
27521,6,NA
27522,21,NA
27523,6,NA
27524,8,NA
27525,10,NA
27526,24,NA
27527,17,NA
27529,30,NA
27530,527,NA
27531,0,NA
27534,66,NA
27536,102,NA
27537,57,NA
27539,16,NA
27540,19,NA
27541,2,NA
27542,6,NA
27544,3,NA
27545,84,NA
27546,93,NA
27549,74,NA
27551,1,NA
27553,5,NA
27556,NA,NA
27557,2,NA
27559,0,NA
27560,20,NA
27562,1,NA
27563,10,NA
27565,41,NA
27569,10,NA
27571,4,NA
27572,3,NA
27573,13,NA
27574,9,NA
27576,22,NA
27577,21,NA
27581,6,NA
27583,9,NA
27587,55,NA
27589,2,NA
27591,22,NA
27592,25,NA
27596,16,NA
27597,23,NA
27599,NA,NA
27601,18,NA
27603,48,NA
27604,63,NA
27605,4,NA
27606,34,NA
27607,15,NA
27608,6,NA
27609,43,NA
27610,229,NA
27612,24,NA
27613,23,NA
27614,22,NA
27615,33,NA
27616,66,NA
27617,18,NA
27701,29,NA
27703,90,NA
27704,112,NA
27705,266,NA
27706,NA,NA
27707,93,NA
27708,0,NA
27709,NA,NA
27710,NA,NA
27711,NA,NA
27712,63,NA
27713,75,NA
27801,30,NA
27803,29,NA
27804,53,NA
27805,6,NA
27806,1,NA
27807,6,NA
27808,2,NA
27809,20,NA
27810,0,NA
27812,2,NA
27813,2,NA
27814,1,NA
27816,2,NA
27817,4,NA
27818,2,NA
27820,12,NA
27821,NA,NA
27822,15,NA
27823,16,NA
27824,0,NA
27826,0,NA
27827,NA,NA
27828,8,NA
27829,3,NA
27830,6,NA
27831,6,NA
27832,18,NA
27834,75,NA
27837,3,NA
27839,3,NA
27840,2,NA
27841,NA,NA
27842,2,NA
27843,0,NA
27844,9,NA
27845,3,NA
27846,0,NA
27847,1,NA
27849,2,NA
27850,4,NA
27851,13,NA
27852,9,NA
27853,NA,NA
27855,8,NA
27856,21,NA
27857,0,NA
27858,35,NA
27860,2,NA
27862,0,NA
27863,6,NA
27864,28,NA
27865,2,NA
27866,1,NA
27869,25,NA
27870,41,NA
27871,13,NA
27872,NA,NA
27874,2,NA
27875,0,NA
27876,5,NA
27880,2,NA
27881,NA,NA
27882,7,NA
27883,10,NA
27884,0,NA
27885,1,NA
27886,68,NA
27888,3,NA
27889,13,NA
27890,2,NA
27891,4,NA
27892,17,NA
27893,122,NA
27896,36,NA
27897,27,NA
27909,62,NA
27910,21,NA
27915,1,NA
27916,0,NA
27917,0,NA
27919,0,NA
27920,0,NA
27921,0,NA
27922,1,NA
27923,0,NA
27924,13,NA
27925,5,NA
27926,2,NA
27927,0,NA
27928,2,NA
27929,1,NA
27932,16,NA
27935,0,NA
27936,0,NA
27937,4,NA
27938,2,NA
27939,0,NA
27941,0,NA
27942,0,NA
27943,NA,NA
27944,14,NA
27946,2,NA
27947,0,NA
27948,1,NA
27949,7,NA
27950,1,NA
27953,0,NA
27954,0,NA
27956,NA,NA
27957,2,NA
27958,6,NA
27959,5,NA
27960,0,NA
27962,13,NA
27964,0,NA
27965,0,NA
27966,1,NA
27968,NA,NA
27970,9,NA
27972,NA,NA
27973,0,NA
27974,0,NA
27976,1,NA
27978,NA,NA
27979,1,NA
27980,0,NA
27981,0,NA
27982,NA,NA
27983,35,NA
27986,23,NA
28001,14,NA
28006,0,NA
28012,17,NA
28016,11,NA
28018,5,NA
28020,0,NA
28021,13,NA
28023,16,NA
28025,80,NA
28027,155,NA
28031,75,NA
28032,1,NA
28033,0,NA
28034,18,NA
28036,16,NA
28037,12,NA
28039,NA,NA
28040,5,NA
28043,39,NA
28052,30,NA
28054,30,NA
28056,27,NA
28071,1,NA
28073,2,NA
28075,30,NA
28077,1,NA
28078,58,NA
28079,37,NA
28080,2,NA
28081,33,NA
28083,42,NA
28086,10,NA
28088,4,NA
28090,5,NA
28091,2,NA
28092,18,NA
28097,3,NA
28098,2,NA
28101,NA,NA
28103,8,NA
28104,27,NA
28105,85,NA
28107,7,NA
28110,78,NA
28112,91,NA
28114,4,NA
28115,37,NA
28117,41,NA
28119,6,NA
28120,17,NA
28124,10,NA
28125,3,NA
28127,2,NA
28128,4,NA
28129,3,NA
28133,2,NA
28134,24,NA
28135,5,NA
28137,2,NA
28138,17,NA
28139,65,NA
28144,120,NA
28146,53,NA
28147,216,NA
28150,16,NA
28152,17,NA
28159,17,NA
28160,25,NA
28163,1,NA
28164,12,NA
28166,4,NA
28167,9,NA
28168,1,NA
28170,21,NA
28173,34,NA
28174,19,NA
28202,33,NA
28203,30,NA
28204,17,NA
28205,99,NA
28206,39,NA
28207,15,NA
28208,112,NA
28209,34,NA
28210,116,NA
28211,58,NA
28212,108,NA
28213,95,NA
28214,86,NA
28215,163,NA
28216,113,NA
28217,136,NA
28223,0,NA
28226,50,NA
28227,110,NA
28262,80,NA
28269,134,NA
28270,23,NA
28273,97,NA
28277,86,NA
28278,44,NA
28301,23,NA
28303,20,NA
28304,64,NA
28305,4,NA
28306,43,NA
28307,3,NA
28308,0,NA
28310,0,NA
28311,34,NA
28312,17,NA
28314,67,NA
28315,14,NA
28318,3,NA
28320,4,NA
28323,4,NA
28326,17,NA
28327,8,NA
28328,91,NA
28333,24,NA
28334,40,NA
28337,13,NA
28338,5,NA
28339,6,NA
28340,21,NA
28341,19,NA
28343,2,NA
28344,13,NA
28345,33,NA
28347,2,NA
28348,46,NA
28349,42,NA
28350,NA,NA
28351,8,NA
28352,26,NA
28356,4,NA
28357,9,NA
28358,120,NA
28360,33,NA
28363,1,NA
28364,12,NA
28365,103,NA
28366,12,NA
28369,2,NA
28371,18,NA
28372,4,NA
28373,3,NA
28374,59,NA
28375,NA,NA
28376,100,NA
28377,51,NA
28379,47,NA
28382,6,NA
28383,21,NA
28384,68,NA
28385,7,NA
28386,29,NA
28387,6,NA
28390,19,NA
28391,2,NA
28392,9,NA
28393,8,NA
28394,5,NA
28395,2,NA
28396,3,NA
28398,58,NA
28399,8,NA
28401,9,NA
28403,17,NA
28405,11,NA
28409,15,NA
28411,12,NA
28412,22,NA
28420,6,NA
28421,0,NA
28422,5,NA
28423,8,NA
28425,19,NA
28428,5,NA
28429,1,NA
28430,7,NA
28431,35,NA
28432,2,NA
28433,2,NA
28434,3,NA
28435,0,NA
28436,0,NA
28438,4,NA
28439,4,NA
28441,5,NA
28442,1,NA
28443,11,NA
28444,1,NA
28445,8,NA
28447,0,NA
28448,0,NA
28449,0,NA
28450,24,NA
28451,10,NA
28452,0,NA
28453,30,NA
28454,0,NA
28455,3,NA
28456,3,NA
28457,2,NA
28458,20,NA
28460,5,NA
28461,8,NA
28462,4,NA
28463,61,NA
28464,5,NA
28465,5,NA
28466,15,NA
28467,4,NA
28468,0,NA
28469,3,NA
28470,3,NA
28472,56,NA
28478,4,NA
28479,0,NA
28480,4,NA
28501,36,NA
28504,65,NA
28508,27,NA
28510,1,NA
28511,1,NA
28512,1,NA
28513,8,NA
28515,0,NA
28516,8,NA
28518,16,NA
28519,NA,NA
28520,NA,NA
28521,4,NA
28523,3,NA
28524,NA,NA
28525,5,NA
28526,2,NA
28527,0,NA
28528,0,NA
28529,4,NA
28530,11,NA
28531,0,NA
28532,2,NA
28533,NA,NA
28537,NA,NA
28538,6,NA
28539,1,NA
28540,16,NA
28542,3,NA
28543,1,NA
28544,0,NA
28545,0,NA
28546,11,NA
28547,5,NA
28551,24,NA
28552,NA,NA
28553,1,NA
28555,3,NA
28556,0,NA
28557,1,NA
28560,15,NA
28561,NA,NA
28562,29,NA
28570,13,NA
28571,3,NA
28572,9,NA
28573,2,NA
28574,3,NA
28577,0,NA
28578,22,NA
28579,0,NA
28580,17,NA
28581,NA,NA
28582,1,NA
28583,NA,NA
28584,4,NA
28585,15,NA
28586,6,NA
28587,NA,NA
28590,27,NA
28594,1,NA
28601,29,NA
28602,10,NA
28604,0,NA
28605,2,NA
28606,9,NA
28607,6,NA
28609,4,NA
28610,1,NA
28611,0,NA
28612,2,NA
28613,16,NA
28615,1,NA
28617,2,NA
28618,0,NA
28621,4,NA
28622,0,NA
28623,1,NA
28624,3,NA
28625,25,NA
28626,1,NA
28627,0,NA
28629,NA,NA
28630,11,NA
28631,0,NA
28634,5,NA
28635,6,NA
28636,0,NA
28637,3,NA
28638,11,NA
28640,3,NA
28642,5,NA
28643,2,NA
28644,0,NA
28645,39,NA
28646,NA,NA
28649,1,NA
28650,2,NA
28651,23,NA
28654,11,NA
28655,119,NA
28657,0,NA
28658,15,NA
28659,100,NA
28660,4,NA
28663,0,NA
28665,7,NA
28667,NA,NA
28668,NA,NA
28669,9,NA
28670,4,NA
28672,NA,NA
28673,4,NA
28675,6,NA
28676,0,NA
28677,33,NA
28678,1,NA
28679,0,NA
28681,11,NA
28682,1,NA
28683,1,NA
28684,0,NA
28685,5,NA
28689,4,NA
28690,4,NA
28692,1,NA
28693,0,NA
28694,1,NA
28697,61,NA
28698,0,NA
28701,1,NA
28702,1,NA
28704,12,NA
28705,2,NA
28708,0,NA
28709,0,NA
28711,2,NA
28712,4,NA
28713,0,NA
28714,6,NA
28715,15,NA
28716,7,NA
28717,0,NA
28718,1,NA
28719,5,NA
28720,NA,NA
28721,1,NA
28722,8,NA
28723,4,NA
28725,NA,NA
28726,7,NA
28729,2,NA
28730,2,NA
28731,7,NA
28732,2,NA
28733,NA,NA
28734,2,NA
28735,NA,NA
28736,0,NA
28739,13,NA
28740,3,NA
28741,0,NA
28742,0,NA
28743,0,NA
28745,0,NA
28746,2,NA
28747,0,NA
28748,4,NA
28749,NA,NA
28751,1,NA
28752,18,NA
28753,1,NA
28754,0,NA
28756,2,NA
28757,NA,NA
28759,3,NA
28761,9,NA
28762,2,NA
28763,1,NA
28766,1,NA
28768,1,NA
28771,0,NA
28772,0,NA
28773,16,NA
28774,0,NA
28775,NA,NA
28777,3,NA
28778,2,NA
28779,14,NA
28781,0,NA
28782,7,NA
28783,1,NA
28785,1,NA
28786,7,NA
28787,3,NA
28789,2,NA
28790,2,NA
28791,53,NA
28792,124,NA
28801,4,NA
28803,23,NA
28804,7,NA
28805,8,NA
28806,16,NA
28901,1,NA
28902,3,NA
28904,3,NA
28905,4,NA
28906,12,NA
28909,0,NA
27969,NA,NA
28253,NA,NA
28608,NA,NA
22071007606,29,NA
22071003304,51,NA
22071003307,32,NA
22071003308,90,NA
22071003400,14,NA
22071010300,55,NA
22071010700,15,NA
22071010900,23,NA
22071011100,27,NA
22071011200,14,NA
22071011500,12,NA
22071010000,21,NA
22071010100,16,NA
22071010200,16,NA
22071011600,14,NA
22071011700,31,NA
22071011900,3,NA
22071012000,12,NA
22071012101,12,NA
22071012102,3,NA
22071003500,21,NA
22071003701,38,NA
22071003702,49,NA
22071003800,11,NA
22071003900,16,NA
22071004000,26,NA
22071004100,11,NA
22071004500,26,NA
22071001737,59,NA
22071000701,NA,NA
22071006400,38,NA
22071001301,26,NA
22071010600,20,NA
22071004900,26,NA
22071005400,15,NA
22071005500,14,NA
22071005601,18,NA
22071012200,13,NA
22071012300,20,NA
22071012400,27,NA
22071012500,58,NA
22071012600,10,NA
22071012800,35,NA
22071012900,13,NA
22071013100,16,NA
22071013200,40,NA
22071013301,27,NA
22071000702,22,NA
22071000901,NA,NA
22071000902,NA,NA
22071000903,NA,NA
22071001748,95,NA
22071001747,84,NA
22071001750,43,NA
22071000617,94,NA
22071000800,33,NA
22071003600,30,NA
22071011400,16,NA
22071008600,24,NA
22071001745,77,NA
22071013400,97,NA
22071013600,3,NA
22071013700,40,NA
22071013800,59,NA
22071014100,20,NA
22071013900,13,NA
22071014200,14,NA
22071014400,13,NA
22071014300,31,NA
22071000904,12,NA
22071001100,9,NA
22071001302,21,NA
22071001401,37,NA
22071001402,39,NA
22071001500,NA,NA
22071001600,NA,NA
22071001701,53,NA
22071001702,51,NA
22071001720,93,NA
22071001723,115,NA
22071001724,135,NA
22071001725,141,NA
22071001730,17,NA
22071001734,NA,NA
22071007700,25,NA
22071008200,14,NA
22071008500,13,NA
22071008800,17,NA
22071001735,43,NA
22071001736,45,NA
22071001739,57,NA
22071001740,77,NA
22071001741,29,NA
22071002000,18,NA
22071002200,33,NA
22071002300,39,NA
22071002401,29,NA
22071002402,68,NA
22071002501,23,NA
22071002502,71,NA
22071002503,29,NA
22071003303,31,NA
22071002504,33,NA
22071002600,3,NA
22071002700,16,NA
22071002800,26,NA
22071002900,26,NA
22071003000,20,NA
22071003301,33,NA
22071003302,91,NA
22071009000,7,NA
22071009100,21,NA
22071009200,27,NA
22071009400,24,NA
22071009700,11,NA
22071009900,48,NA
22071980100,NA,NA
22071001751,NA,NA
22071990000,NA,NA
22071001744,75,NA
22071004600,17,NA
22071000616,78,NA
22071000618,56,NA
22071014000,33,NA
22071007101,39,NA
22071013500,8,NA
22071001746,118,NA
22071001743,35,NA
22071000615,52,NA
22071001749,36,NA
22071014500,22,NA
22071000604,96,NA
22071009600,11,NA
22071004401,27,NA
22071000200,18,NA
22071000300,24,NA
22071000400,34,NA
22071000601,NA,NA
22071000603,NA,NA
22071006000,18,NA
22071006300,10,NA
22071005602,12,NA
22071006500,16,NA
22071005603,9,NA
22071005604,17,NA
22071013302,12,NA
22071008400,22,NA
22071013000,18,NA
22071006900,20,NA
22071007000,13,NA
22071000605,34,NA
22071000606,83,NA
22071000607,58,NA
22071000611,86,NA
22071000612,13,NA
22071000613,93,NA
22071007200,43,NA
22071007501,54,NA
22071007502,49,NA
22071007604,12,NA
22071007605,16,NA
22071980000,NA,NA
22071001200,8,NA
22071012700,22,NA
22071004800,NA,NA
22071002100,19,NA
22071003100,26,NA
22071001722,101,NA
22071004402,NA,NA
22071001800,3,NA
22071001900,11,NA
22071007800,3,NA
22071008300,17,NA
22071010800,9,NA
22071005000,19,NA
22071000100,16,NA
22071000602,51,NA
Unassigned,1626,1941
10001,318,1090
10002,924,2401
10003,413,1504
10004,28,101
10005,54,250
10006,23,106
10007,48,238
10009,631,2062
10010,241,1137
10011,476,1562
10012,150,568
10013,229,835
10014,275,907
10016,622,2365
10017,130,588
10018,196,610
10019,541,1792
10021,511,1988
10022,312,1251
10023,510,1987
10024,590,2138
10025,1130,3658
10026,590,1693
10027,898,2523
10028,439,1697
10029,1622,3985
10030,442,1209
10031,1141,2696
10032,1318,3198
10033,1179,2800
10034,624,1848
10035,845,2043
10036,372,1209
10037,386,1044
10038,227,682
10039,457,1268
10040,988,2540
10044,196,487
10065,302,1300
10069,48,192
10075,348,1190
10128,579,2363
10280,41,203
10282,64,197
10301,1067,2747
10302,591,1394
10303,789,1963
10304,1293,3300
10305,1137,3159
10306,1361,4075
10307,360,1053
10308,598,1882
10309,796,2386
10310,684,1891
10312,1413,4112
10314,2484,6749
10451,1469,3506
10452,2080,4913
10453,2117,4914
10454,1022,2625
10455,1143,2700
10456,2240,5505
10457,1881,4517
10458,1834,4479
10459,1369,3033
10460,1478,3471
10461,1751,4514
10462,2087,5166
10463,1731,4581
10464,115,407
10465,1403,3929
10466,2160,4908
10467,3039,6861
10468,2252,4858
10469,2686,5924
10470,412,1058
10471,555,1546
10472,1763,3753
10473,1767,4243
10474,296,713
10475,1592,4095
11004,528,1008
11101,559,1654
11102,547,1433
11103,482,1327
11104,443,1164
11105,452,1377
11106,579,1560
11109,47,216
11201,596,2198
11203,1856,4201
11204,1782,4534
11205,647,2011
11206,1381,3672
11207,1850,4491
11208,2065,4526
11209,1033,3014
11210,1524,3552
11211,1848,5121
11212,1622,3968
11213,1251,2975
11214,1370,3308
11215,553,1934
11216,650,1880
11217,511,1402
11218,1537,3663
11219,2589,6941
11220,1373,3190
11221,1131,2843
11222,395,1173
11223,1533,3847
11224,1021,2472
11225,1056,2565
11226,1990,4538
11228,587,1543
11229,1412,3612
11230,2061,5017
11231,376,1074
11232,451,965
11233,1149,2774
11234,2084,4877
11235,1807,4311
11236,2438,5293
11237,843,1858
11238,685,1822
11239,453,1074
11354,993,2181
11355,1130,2523
11356,499,1175
11357,737,1859
11358,511,1377
11360,290,869
11361,403,1101
11362,287,785
11363,96,268
11364,437,1246
11365,756,1917
11366,358,843
11367,939,2393
11368,3990,7280
11369,1422,2766
11370,1245,2628
11372,2276,4398
11373,2927,5951
11374,981,2503
11375,1411,3626
11377,1946,4524
11378,668,1690
11379,736,1876
11385,1939,4562
11411,632,1320
11412,1162,2518
11413,1208,2646
11414,754,1652
11415,480,1171
11416,630,1317
11417,812,1812
11418,972,2230
11419,1051,2275
11420,1241,2764
11421,1084,2383
11422,894,2017
11423,982,2133
11426,471,1077
11427,711,1567
11428,622,1282
11429,863,1718
11432,1604,3405
11433,847,1906
11434,1860,4279
11435,1468,3358
11436,479,1104
11691,2031,4134
11692,536,1191
11693,299,698
11694,645,1564
11697,86,222
73942,330,NA
74006,191,NA
73072,115,NA
73160,112,NA
73170,76,NA
73013,75,NA
74344,74,NA
73554,66,NA
73501,65,NA
73099,63,NA
73945,62,NA
73112,62,NA
74012,62,NA
73120,61,NA
73080,58,NA
73119,58,NA
74070,57,NA
74429,57,NA
74003,55,NA
Other***,54,NA
73071,52,NA
74110,52,NA
73107,51,NA
74133,46,NA
73047,45,NA
74960,44,NA
73505,41,NA
74135,40,NA
73012,39,NA
73009,37,NA
73069,37,NA
74146,37,NA
74467,36,NA
74014,35,NA
74066,34,NA
74063,34,NA
73169,33,NA
73142,33,NA
73110,32,NA
74011,32,NA
73034,31,NA
74604,31,NA
73162,31,NA
74501,30,NA
73132,29,NA
73122,29,NA
74019,29,NA
74105,29,NA
74029,28,NA
74136,27,NA
74115,26,NA
74055,26,NA
73139,26,NA
73116,25,NA
73018,25,NA
74039,24,NA
74129,24,NA
73127,23,NA
74017,23,NA
74464,22,NA
74106,22,NA
73068,22,NA
73115,21,NA
73129,21,NA
74033,21,NA
74137,21,NA
73507,21,NA
74965,21,NA
74020,21,NA
74021,20,NA
73521,20,NA
73064,20,NA
73020,19,NA
73159,19,NA
74801,19,NA
74023,19,NA
73010,19,NA
73542,19,NA
73114,18,NA
74008,18,NA
74145,17,NA
73135,17,NA
74037,17,NA
73008,17,NA
74354,16,NA
74134,16,NA
73111,16,NA
73089,15,NA
74107,15,NA
73044,15,NA
74127,15,NA
73141,15,NA
74601,15,NA
73134,14,NA
73003,14,NA
73533,14,NA
73118,14,NA
74804,14,NA
74112,13,NA
73949,13,NA
74056,12,NA
73130,12,NA
73026,12,NA
73109,12,NA
73078,12,NA
74048,12,NA
73108,12,NA
73103,12,NA
74331,12,NA
74051,12,NA
73084,11,NA
73950,11,NA
74128,11,NA
74857,11,NA
74301,11,NA
74075,11,NA
73005,11,NA
74403,11,NA
73036,10,NA
73701,10,NA
73951,10,NA
74104,10,NA
74074,10,NA
74868,10,NA
73106,10,NA
73096,10,NA
73051,9,NA
74346,9,NA
74132,9,NA
74361,9,NA
74119,9,NA
73703,9,NA
73025,8,NA
74116,8,NA
74010,8,NA
74884,8,NA
73075,8,NA
73165,8,NA
74434,7,NA
74061,7,NA
74421,7,NA
74964,7,NA
73503,7,NA
74701,7,NA
74035,7,NA
73045,7,NA
74126,7,NA
73173,7,NA
73117,7,NA
74114,6,NA
73149,6,NA
73007,6,NA
73932,6,NA
74851,6,NA
74447,6,NA
73128,6,NA
73529,6,NA
74022,6,NA
74131,6,NA
74966,6,NA
74073,6,NA
74337,6,NA
74820,6,NA
74435,6,NA
73179,6,NA
74955,5,NA
73644,5,NA
73939,5,NA
74436,5,NA
73538,5,NA
73131,5,NA
73568,5,NA
73065,5,NA
74053,5,NA
74108,5,NA
73049,5,NA
74002,5,NA
74873,5,NA
73095,5,NA
74578,5,NA
73038,4,NA
74072,4,NA
73750,4,NA
74728,4,NA
74426,4,NA
74330,4,NA
74027,4,NA
73401,4,NA
74036,4,NA
73150,4,NA
73093,4,NA
74120,4,NA
74038,4,NA
74834,4,NA
74044,4,NA
73053,3,NA
73052,3,NA
74339,3,NA
74881,3,NA
74015,3,NA
73717,3,NA
74358,3,NA
74826,3,NA
73448,3,NA
74451,3,NA
73077,3,NA
74085,3,NA
73460,3,NA
74352,3,NA
74028,3,NA
74462,3,NA
74571,3,NA
73062,3,NA
73104,3,NA
73737,3,NA
74864,3,NA
74401,3,NA
74342,3,NA
73527,3,NA
74058,3,NA
74953,3,NA
73449,3,NA
74103,3,NA
73541,3,NA
73014,2,NA
74631,2,NA
74432,2,NA
73042,2,NA
74047,2,NA
74016,2,NA
74944,2,NA
74727,2,NA
73004,2,NA
73082,2,NA
73121,2,NA
74871,2,NA
74547,2,NA
73651,2,NA
74651,2,NA
73463,2,NA
74430,2,NA
73029,2,NA
73098,2,NA
73086,2,NA
73055,2,NA
73763,2,NA
74343,2,NA
73663,2,NA
73601,2,NA
74083,2,NA
74454,2,NA
74745,2,NA
74060,2,NA
74081,2,NA
74437,2,NA
73057,2,NA
73762,2,NA
73102,2,NA
74041,2,NA
74931,2,NA
73938,2,NA
73006,2,NA
73742,2,NA
73754,2,NA
74840,2,NA
74849,2,NA
74825,2,NA
74962,2,NA
74948,2,NA
73151,2,NA
74878,2,NA
74855,1,NA
74569,1,NA
73654,1,NA
73801,1,NA
74552,1,NA
73738,1,NA
73050,1,NA
73944,1,NA
73662,1,NA
73933,1,NA
73573,1,NA
74740,1,NA
74553,1,NA
74875,1,NA
73021,1,NA
73074,1,NA
74824,1,NA
74059,1,NA
74050,1,NA
73552,1,NA
74338,1,NA
73734,1,NA
74042,1,NA
73759,1,NA
73446,1,NA
73838,1,NA
74370,1,NA
74723,1,NA
73048,1,NA
73548,1,NA
73028,1,NA
73931,1,NA
74470,1,NA
73439,1,NA
74643,1,NA
74340,1,NA
74052,1,NA
73002,1,NA
74733,1,NA
74441,1,NA
74565,1,NA
74867,1,NA
74647,1,NA
73768,1,NA
73848,1,NA
74332,1,NA
74644,1,NA
74079,1,NA
74560,1,NA
74641,1,NA
73054,1,NA
73749,1,NA
74743,1,NA
73456,1,NA
74359,1,NA
74954,1,NA
74080,1,NA
74854,1,NA
74562,1,NA
74720,1,NA
73059,1,NA
74957,1,NA
74860,1,NA
73105,1,NA
73543,1,NA
73566,1,NA
74130,1,NA
74471,1,NA
74956,1,NA
68106,27,NA
68112,26,NA
68102,12,NA
68122,52,NA
68182,0,NA
68117,36,NA
68007,9,NA
68110,53,NA
68134,57,NA
68064,1,NA
68127,38,NA
68111,107,NA
68132,30,NA
68114,19,NA
68131,33,NA
68010,0,NA
68130,16,NA
68164,49,NA
68154,17,NA
68069,2,NA
68135,19,NA
68108,85,NA
68105,113,NA
68198,0,NA
68144,17,NA
68116,14,NA
68178,0,NA
68022,15,NA
68118,6,NA
68137,29,NA
68152,20,NA
68104,147,NA
68107,255,NA
68142,6,NA
68124,11,NA
97002,0,NA
97003,18,NA
97004,0,NA
97005,20,NA
97006,33,NA
97007,27,NA
97008,7,NA
97009,0,NA
97013,21,NA
97014,0,NA
97015,12,NA
97016,1,NA
97017,1,NA
97018,1,NA
97019,0,NA
97021,1,NA
97022,1,NA
97023,0,NA
97024,20,NA
97026,27,NA
97027,0,NA
97030,41,NA
97031,0,NA
97032,12,NA
97034,0,NA
97035,0,NA
97038,20,NA
97040,1,NA
97041,0,NA
97042,0,NA
97045,16,NA
97048,0,NA
97049,1,NA
97051,0,NA
97053,0,NA
97054,1,NA
97055,8,NA
97056,0,NA
97058,6,NA
97060,24,NA
97062,14,NA
97063,1,NA
97064,1,NA
97067,1,NA
97068,0,NA
97070,8,NA
97071,11,NA
97078,23,NA
97080,35,NA
97086,20,NA
97089,0,NA
97101,0,NA
97103,12,NA
97106,0,NA
97107,1,NA
97110,1,NA
97111,1,NA
97112,1,NA
97113,29,NA
97114,0,NA
97115,0,NA
97116,37,NA
97119,0,NA
97121,0,NA
97123,42,NA
97124,32,NA
97127,0,NA
97128,4,NA
97131,0,NA
97132,18,NA
97133,0,NA
97136,1,NA
97137,1,NA
97138,0,NA
97140,6,NA
97141,0,NA
97146,0,NA
97148,1,NA
97201,0,NA
97202,9,NA
97203,19,NA
97204,0,NA
97205,0,NA
97206,21,NA
97209,4,NA
97210,0,NA
97211,9,NA
97212,0,NA
97213,23,NA
97214,28,NA
97215,0,NA
97216,3,NA
97217,18,NA
97218,5,NA
97219,18,NA
97220,31,NA
97221,0,NA
97222,18,NA
97223,30,NA
97224,16,NA
97225,15,NA
97227,0,NA
97229,22,NA
97230,34,NA
97231,0,NA
97232,0,NA
97233,39,NA
97236,10,NA
97239,0,NA
97257,0,NA
97266,23,NA
97267,16,NA
97282,0,NA
97292,0,NA
97301,38,NA
97302,26,NA
97303,39,NA
97304,36,NA
97305,40,NA
97306,18,NA
97307,0,NA
97313,0,NA
97317,32,NA
97321,16,NA
97322,24,NA
97324,1,NA
97325,0,NA
97327,0,NA
97330,25,NA
97331,0,NA
97333,0,NA
97338,0,NA
97341,0,NA
97344,1,NA
97347,0,NA
97348,0,NA
97351,0,NA
97352,0,NA
97355,25,NA
97358,1,NA
97360,0,NA
97361,0,NA
97362,4,NA
97365,0,NA
97366,1,NA
97367,0,NA
97368,1,NA
97370,0,NA
97374,0,NA
97375,0,NA
97376,1,NA
97378,1,NA
97380,1,NA
97381,21,NA
97383,6,NA
97385,6,NA
97386,0,NA
97389,0,NA
97391,1,NA
97392,0,NA
97394,1,NA
97396,0,NA
97401,0,NA
97402,13,NA
97403,1,NA
97404,0,NA
97405,3,NA
97408,0,NA
97411,1,NA
97415,0,NA
97417,0,NA
97419,1,NA
97420,0,NA
97423,1,NA
97424,0,NA
97426,0,NA
97431,1,NA
97435,1,NA
97437,1,NA
97438,1,NA
97439,1,NA
97442,1,NA
97443,1,NA
97444,0,NA
97446,1,NA
97448,0,NA
97449,1,NA
97452,1,NA
97454,1,NA
97455,1,NA
97456,1,NA
97457,0,NA
97458,1,NA
97459,18,NA
97462,0,NA
97463,1,NA
97465,1,NA
97467,0,NA
97469,0,NA
97470,0,NA
97471,0,NA
97477,0,NA
97478,0,NA
97479,0,NA
97487,0,NA
97488,1,NA
97495,0,NA
97496,0,NA
97497,1,NA
97498,1,NA
97499,1,NA
97501,0,NA
97502,5,NA
97503,0,NA
97504,4,NA
97520,3,NA
97523,0,NA
97524,0,NA
97525,1,NA
97526,4,NA
97527,0,NA
97528,0,NA
97530,1,NA
97532,1,NA
97535,1,NA
97537,1,NA
97538,1,NA
97539,1,NA
97540,0,NA
97541,1,NA
97544,1,NA
97601,6,NA
97603,12,NA
97623,1,NA
97624,0,NA
97630,1,NA
97632,0,NA
97633,0,NA
97641,1,NA
97701,23,NA
97702,17,NA
97703,5,NA
97707,0,NA
97708,0,NA
97720,0,NA
97734,0,NA
97738,1,NA
97739,1,NA
97741,0,NA
97753,1,NA
97754,0,NA
97756,3,NA
97759,1,NA
15521,0,16
15522,0,75
15530,0,62
15531,0,39
15533,0,10
15534,0,-1
15535,0,12
15536,0,7
15537,0,62
15538,0,8
15539,0,5
15541,0,39
15542,0,15
15545,0,9
15546,0,-1
15550,0,14
15552,0,70
15554,0,20
15555,0,0
15558,0,12
15559,0,10
15562,0,-1
15563,0,30
15564,0,-1
15705,0,-1
15711,0,-1
15714,0,83
15716,0,-1
15720,0,0
15721,0,-1
15722,0,25
15724,0,17
15728,0,11
15729,0,-1
15730,0,0
15739,0,0
15742,0,-1
15744,0,0
15750,0,-1
15753,0,-1
15757,0,-1
15758,0,0
15759,0,8
15760,0,0
15762,0,13
15763,0,0
15764,0,-1
15765,0,6
15767,0,83
15770,0,-1
15771,0,-1
15772,0,11
15773,0,-1
15775,0,0
15776,0,-1
15777,0,-1
15778,0,-1
15780,0,-1
15784,0,-1
15801,0,169
15821,0,-1
15823,0,8
15824,0,39
15825,0,105
15827,0,-1
15828,0,-1
15829,0,13
15832,0,-1
15834,0,74
15840,0,19
15845,0,22
15846,0,20
15848,0,7
15849,0,7
15851,0,49
15853,0,68
15856,0,-1
15857,0,75
15860,0,9
15861,0,-1
15864,0,25
15865,0,9
15866,0,-1
15868,0,12
15870,0,6
15901,0,94
15902,0,234
15904,0,244
15905,0,323
15906,0,190
15909,0,77
15920,0,16
15924,0,18
15926,0,39
15927,0,14
15928,0,24
15931,0,134
15934,0,-1
15935,0,35
15936,0,15
15938,0,37
15940,0,15
15942,0,26
15943,0,69
15944,0,42
15945,0,-1
15946,0,90
15949,0,-1
15951,0,11
15952,0,16
15953,0,0
15954,0,28
15955,0,25
15956,0,33
15957,0,5
15958,0,20
15960,0,10
15961,0,20
15963,0,159
16020,0,12
16022,0,6
16025,0,73
16028,0,22
16030,0,-1
16036,0,0
16038,0,29
16040,0,7
16041,0,22
16049,10,34
16050,0,18
16051,0,27
16057,6,119
16061,0,41
16101,22,370
16102,0,50
16105,13,157
16110,0,-1
16111,0,6
16112,0,15
16114,0,-1
16116,0,24
16121,10,42
16124,0,-1
16125,0,243
16127,9,65
16130,0,10
16131,0,-1
16133,0,7
16134,0,23
16137,6,55
16142,0,91
16143,0,21
16145,0,12
16146,18,87
16148,12,120
16150,5,54
16153,0,10
16154,0,18
16156,0,18
16159,0,36
16172,0,0
16213,0,0
16214,0,59
16217,0,-1
16218,0,13
16224,0,11
16225,0,0
16232,0,38
16233,0,6
16234,0,-1
16235,0,7
16239,0,21
16240,0,8
16242,0,57
16248,0,27
16253,0,-1
16254,0,26
16255,0,12
16258,0,18
16260,0,-1
16301,0,80
16311,0,-1
16313,0,12
16314,0,28
16316,0,20
16317,0,8
16319,0,9
16321,0,-1
16323,0,90
16326,0,-1
16327,0,6
16329,0,-1
16331,0,0
16332,0,-1
16333,0,7
16334,0,0
16335,0,140
16340,0,8
16341,0,16
16342,0,15
16345,0,18
16346,0,12
16347,0,10
16350,0,8
16351,0,12
16353,0,13
16354,0,62
16360,0,6
16362,0,5
16364,0,8
16365,0,96
16371,0,19
16372,0,-1
16373,0,16
16374,0,10
16401,0,35
16402,0,-1
16403,0,38
16404,0,13
16405,0,-1
16406,0,20
16407,0,76
16410,0,13
16411,0,12
16412,0,56
16415,0,90
16417,5,76
16420,0,5
16421,0,17
16423,0,35
16424,0,13
16426,0,33
16428,0,85
16430,0,0
16433,0,53
16434,0,16
16435,0,7
16436,0,-1
16438,0,61
16440,0,-1
16441,0,76
16442,0,23
16443,0,14
16444,0,0
16501,0,25
16502,0,158
16503,14,153
16504,10,196
16505,0,168
16506,9,226
16507,0,83
16508,7,196
16509,9,287
16510,10,257
16511,7,129
16565,0,-1
16601,10,256
16602,8,243
16611,0,13
16613,0,11
16616,0,-1
16617,0,16
16620,0,-1
16621,0,7
16622,0,0
16623,0,10
16625,0,19
16627,0,13
16630,0,36
16634,0,5
16635,0,83
16636,0,5
16637,0,18
16639,0,5
16640,0,8
16641,0,22
16645,0,0
16646,0,40
16647,0,-1
16648,0,123
16650,0,20
16651,0,22
16652,27,214
16655,0,11
16656,0,9
16657,0,15
16659,0,-1
16661,0,6
16662,0,29
16664,0,11
16666,0,25
16667,6,17
16668,0,33
16669,0,18
16670,0,-1
16671,0,0
16673,0,30
16674,0,-1
16678,0,18
16679,0,-1
16680,0,-1
16682,0,-1
16683,0,-1
16685,0,0
16686,5,117
16689,0,-1
16691,0,-1
16692,0,13
16693,0,27
16695,0,-1
16701,0,109
16720,0,11
16724,0,0
16726,0,-1
16727,0,-1
16729,0,-1
16731,0,15
16732,0,-1
16734,0,-1
16735,6,41
16738,0,-1
16740,0,7
16743,0,24
16744,0,-1
16745,0,-1
16746,0,5
16748,0,12
16749,0,30
16750,0,0
16801,28,330
16802,0,11
16803,19,207
16820,0,12
16821,0,5
16822,0,24
16823,34,351
16827,9,58
16828,0,35
16829,0,8
16830,6,135
16832,0,7
16833,0,29
16836,0,6
16837,0,-1
16838,0,18
16839,0,5
16840,0,-1
16841,0,38
16844,0,28
16845,0,20
16850,0,0
16852,0,-1
16854,0,10
16858,0,34
16859,0,6
16860,0,-1
16861,0,-1
16863,0,7
16864,0,-1
16865,0,11
16866,0,72
16870,8,73
16871,0,-1
16872,0,5
16874,0,20
16875,0,23
16876,0,0
16877,0,9
16878,0,19
16879,0,-1
16881,0,13
16882,0,-1
16901,0,77
16912,0,20
16914,0,24
16915,0,28
16917,0,8
16920,0,15
16921,0,-1
16922,0,13
16923,0,5
16925,0,31
16926,0,-1
16927,0,-1
16928,0,-1
16929,0,13
16930,0,-1
16932,0,6
16933,0,50
16935,0,7
16936,0,14
16937,0,-1
16938,0,6
16939,0,-1
16940,0,-1
16941,0,-1
16942,0,8
16943,0,-1
16946,0,19
16947,0,44
16948,0,12
16950,0,33
17002,0,6
17003,24,179
17004,0,22
17005,0,-1
17006,0,5
17007,0,37
17009,0,28
17011,112,443
17013,60,406
17014,0,-1
17015,21,185
17017,0,27
17018,6,50
17019,15,158
17020,0,84
17021,0,7
17022,55,521
17023,12,51
17024,0,14
17025,15,179
17026,13,65
17028,0,49
17029,0,5
17030,0,12
17032,0,71
17033,50,299
17034,0,27
17035,0,10
17036,39,407
17037,0,14
17038,24,152
17040,0,26
17042,252,1258
17043,7,100
17044,26,285
17045,5,34
17046,342,1325
17047,0,16
17048,5,54
17049,6,39
17050,49,345
17051,5,41
17052,0,15
17053,0,57
17055,41,395
17057,35,292
17058,19,41
17059,35,119
17060,0,9
17061,35,104
17062,0,21
17063,0,26
17064,0,15
17065,0,34
17066,16,78
17067,85,355
17068,0,31
17070,23,226
17071,0,0
17073,15,93
17074,0,61
17076,0,0
17078,31,422
17080,0,5
17082,18,44
17084,0,36
17086,0,16
17087,0,28
17090,0,38
17094,5,22
17097,0,7
17098,0,35
17099,0,14
17101,15,90
17102,27,111
17103,36,158
17104,94,280
17109,74,345
17110,90,417
17111,226,1705
17112,36,414
17113,20,161
17120,0,0
17201,272,714
17202,69,351
17211,0,6
17212,0,12
17213,0,5
17214,0,18
17215,0,0
17217,0,-1
17219,0,-1
17220,0,-1
17221,0,8
17222,44,185
17223,0,-1
17224,5,22
17225,22,222
17228,0,6
17229,0,8
17232,0,-1
17233,6,63
17236,13,78
17237,10,24
17238,0,19
17239,0,0
17240,5,19
17241,12,149
17243,0,21
17244,0,9
17246,0,-1
17252,0,36
17255,0,7
17257,126,324
17260,0,11
17262,0,11
17264,0,13
17265,0,-1
17266,0,7
17267,0,21
17268,45,571
17271,0,-1
17301,9,87
17302,5,48
17304,0,53
17307,0,112
17309,0,29
17313,19,265
17314,9,90
17315,28,491
17316,11,127
17319,22,195
17320,16,164
17321,0,35
17322,0,99
17324,0,55
17325,30,592
17327,6,142
17329,0,32
17331,55,994
17339,10,87
17340,22,216
17344,5,87
17345,0,197
17347,7,121
17349,12,148
17350,36,257
17352,0,18
17353,0,63
17356,23,538
17360,6,116
17361,0,114
17362,17,219
17363,6,203
17364,0,78
17365,0,40
17366,0,129
17368,11,167
17370,0,120
17372,0,58
17401,122,691
17402,49,825
17403,171,1183
17404,84,1001
17406,21,491
17407,0,45
17408,28,513
17501,13,123
17502,0,29
17505,0,12
17509,28,70
17512,54,433
17516,14,88
17517,39,285
17518,0,12
17519,15,100
17520,12,78
17522,79,764
17527,16,90
17529,7,37
17532,5,48
17535,7,34
17536,0,25
17538,16,131
17540,19,189
17543,145,865
17545,62,382
17547,16,148
17550,0,19
17551,31,147
17552,40,320
17554,27,170
17555,9,80
17557,46,221
17560,0,74
17562,13,57
17563,13,42
17565,7,48
17566,18,154
17569,15,104
17572,5,30
17576,0,0
17578,7,89
17579,11,99
17581,0,18
17582,0,27
17584,26,182
17601,253,1119
17602,515,1797
17603,526,2023
17701,23,538
17702,6,117
17721,0,21
17723,0,0
17724,0,49
17727,0,0
17728,0,59
17729,0,-1
17731,0,-1
17737,0,49
17740,78,243
17742,0,-1
17744,0,25
17745,20,183
17747,8,28
17751,7,63
17752,0,41
17754,0,110
17756,7,129
17758,0,-1
17760,0,5
17763,0,6
17764,0,16
17765,0,10
17768,0,-1
17771,0,22
17772,0,21
17774,0,8
17776,0,-1
17777,6,63
17778,0,0
17801,49,233
17810,0,11
17812,0,13
17813,0,20
17814,7,44
17815,77,347
17820,12,62
17821,29,210
17823,0,8
17824,0,19
17827,0,6
17830,5,23
17832,0,6
17834,0,39
17835,0,0
17836,0,-1
17837,10,99
17840,0,-1
17841,7,38
17842,0,49
17844,10,80
17845,0,17
17846,6,31
17847,15,105
17850,0,-1
17851,9,105
17853,0,19
17855,0,11
17856,0,22
17857,8,79
17859,34,73
17860,0,17
17864,0,5
17866,5,109
17867,0,-1
17868,0,-1
17870,18,143
17872,13,113
17876,0,26
17877,0,0
17878,0,17
17881,0,17
17886,0,5
17888,0,-1
17889,5,19
17901,87,559
17921,10,116
17922,21,99
17923,0,7
17925,0,-1
17929,5,40
17930,0,7
17931,11,130
17934,0,6
17935,0,21
17938,7,36
17941,0,12
17948,15,107
17954,8,120
17957,0,5
17959,0,21
17960,8,68
17961,11,123
17963,17,138
17964,5,14
17965,7,50
17967,12,48
17968,0,5
17970,0,60
17972,28,259
17974,0,6
17976,42,182
17978,0,-1
17980,8,55
17981,5,67
17983,7,23
17985,8,25
18011,15,106
18013,60,420
18014,33,300
18015,217,952
18017,397,1453
18018,212,1051
18020,151,630
18031,51,263
18032,47,272
18034,25,187
18035,0,10
18036,111,391
18037,36,212
18038,10,64
18040,86,474
18041,16,119
18042,486,1710
18045,352,1123
18049,66,460
18051,0,43
18052,277,1018
18053,6,39
18054,11,77
18055,49,282
18056,0,29
18058,32,214
18059,0,30
18062,161,666
18063,0,11
18064,256,861
18066,8,113
18067,66,490
18069,37,189
18070,0,9
18071,22,252
18072,15,166
18073,19,218
18074,7,90
18076,0,66
18077,0,43
18078,13,145
18080,40,306
18083,0,23
18085,0,13
18087,11,32
18088,32,210
18091,14,138
18092,5,64
18101,50,219
18102,1016,2677
18103,567,1845
18104,342,1369
18106,53,239
18109,298,889
18201,970,1820
18202,287,621
18210,48,209
18211,0,21
18214,6,38
18216,16,50
18218,6,68
18219,9,34
18220,0,5
18222,53,221
18224,41,189
18225,0,-1
18229,12,158
18230,0,-1
18232,0,130
18235,24,385
18237,33,113
18240,0,85
18245,0,-1
18246,0,-1
18248,0,18
18249,19,89
18250,0,64
18252,34,293
18254,9,29
18255,53,209
18301,229,857
18302,160,521
18321,8,59
18322,21,92
18324,90,354
18325,9,60
18326,16,99
18327,5,16
18328,50,307
18330,58,261
18331,0,18
18332,28,91
18333,0,19
18334,31,94
18336,29,147
18337,146,615
18340,0,5
18343,11,115
18344,35,131
18346,31,111
18347,11,46
18350,6,30
18352,0,16
18353,51,311
18354,5,30
18355,5,40
18360,253,910
18370,14,37
18371,7,23
18372,17,64
18403,22,98
18405,7,37
18407,100,300
18411,60,295
18414,12,79
18415,0,13
18417,0,8
18419,6,53
18421,53,110
18424,21,74
18425,7,36
18426,10,53
18427,0,10
18428,83,371
18430,0,-1
18431,25,194
18433,13,99
18434,17,76
18435,0,18
18436,41,204
18437,0,-1
18438,0,17
18439,0,10
18441,0,-1
18443,0,-1
18444,70,222
18445,0,25
18446,8,30
18447,37,149
18451,0,9
18452,21,78
18453,0,13
18455,0,-1
18456,0,5
18458,18,82
18460,0,-1
18461,0,-1
18462,0,-1
18463,0,-1
18464,0,27
18465,0,8
18466,127,443
18469,0,-1
18470,0,19
18471,0,9
18472,6,53
18503,0,22
18504,117,376
18505,197,501
18507,22,78
18508,113,285
18509,43,199
18510,152,314
18512,57,208
18517,32,123
18518,27,137
18519,18,92
18603,174,481
18610,38,124
18612,20,234
18614,0,27
18615,5,24
18616,0,7
18617,0,24
18618,5,45
18619,0,0
18621,15,67
18622,0,-1
18623,0,26
18624,0,9
18628,0,-1
18629,0,18
18630,0,33
18631,7,21
18632,0,-1
18634,44,266
18635,20,64
18636,0,14
18640,54,288
18641,24,110
18642,10,47
18643,25,219
18644,20,119
18651,24,131
18655,33,133
18656,5,39
18657,12,123
18660,8,47
18661,19,111
18701,11,55
18702,302,970
18704,105,573
18705,70,296
18706,54,273
18707,98,294
18708,13,124
18709,0,45
18801,6,91
18810,0,123
18812,0,10
18817,0,-1
18818,0,9
18821,0,9
18822,0,24
18823,0,5
18824,0,9
18825,0,0
18826,0,5
18828,0,-1
18829,0,11
18830,0,-1
18831,0,16
18832,0,16
18833,0,25
18834,0,30
18837,0,53
18840,16,270
18842,0,-1
18844,0,15
18845,0,5
18846,0,11
18847,7,66
18848,0,115
18850,0,35
18851,0,10
18853,0,54
18854,0,13
18901,359,1022
18902,85,431
18913,0,12
18914,61,463
18915,7,32
18917,10,47
18920,0,-1
18923,0,15
18925,20,102
18927,0,6
18929,40,200
18930,0,39
18932,0,12
18933,0,-1
18934,0,-1
18936,86,94
18938,40,224
18940,139,480
18942,6,59
18944,47,472
18947,19,99
18951,151,964
18954,58,228
18955,10,57
18960,57,283
18964,74,320
18966,211,854
18969,79,352
18972,5,52
18974,200,1009
18976,155,594
18977,11,56
19001,117,551
19002,216,1001
19003,61,393
19004,66,397
19006,134,611
19007,213,575
19008,198,637
19009,0,12
19010,129,653
19012,54,240
19013,305,783
19014,112,452
19015,118,397
19018,165,653
19020,391,1488
19021,65,225
19022,26,88
19023,404,891
19025,22,196
19026,222,918
19027,161,701
19029,23,88
19030,76,288
19031,65,206
19032,76,206
19033,27,157
19034,62,211
19035,13,135
19036,74,291
19038,283,1086
19040,67,556
19041,46,222
19043,11,59
19044,52,395
19046,121,582
19047,429,959
19050,516,1305
19053,122,643
19054,93,375
19055,88,302
19056,115,353
19057,89,333
19060,34,161
19061,96,512
19063,508,1250
19064,143,571
19066,57,226
19067,303,955
19070,31,165
19072,44,328
19073,105,561
19074,32,130
19075,33,204
19076,59,169
19078,54,252
19079,110,316
19081,40,209
19082,537,1364
19083,190,997
19085,14,172
19086,186,417
19087,123,764
19090,151,681
19094,30,101
19095,191,443
19096,116,463
19102,38,198
19103,167,653
19104,231,968
19106,40,296
19107,167,648
19111,715,2250
19112,0,-1
19113,0,-1
19114,280,1051
19115,563,1412
19116,432,1187
19118,116,357
19119,299,1009
19120,693,1950
19121,274,1042
19122,151,609
19123,178,638
19124,611,1887
19125,149,673
19126,319,777
19127,21,145
19128,273,1075
19129,82,366
19130,208,934
19131,534,1792
19132,422,1270
19133,272,751
19134,440,1515
19135,285,1027
19136,551,1441
19137,28,211
19138,323,1187
19139,513,1660
19140,536,1672
19141,259,996
19142,370,961
19143,556,2256
19144,451,1465
19145,376,1576
19146,278,1336
19147,206,1060
19148,397,1555
19149,491,1444
19150,327,1079
19151,383,1287
19152,390,1129
19153,123,424
19154,297,1210
19301,36,193
19310,7,49
19311,16,60
19312,87,298
19317,18,141
19319,0,8
19320,194,899
19330,11,44
19333,19,139
19335,173,748
19341,59,316
19342,113,487
19343,11,106
19344,27,161
19345,0,0
19348,53,208
19350,17,80
19352,11,75
19355,124,642
19362,12,63
19363,45,189
19365,19,121
19372,0,40
19373,26,60
19374,12,17
19380,225,934
19382,267,871
19383,0,-1
19390,28,127
19401,474,1470
19403,395,2621
19405,23,143
19406,98,615
19422,99,542
19425,36,218
19426,149,786
19428,66,486
19435,0,-1
19436,0,8
19438,108,517
19440,124,505
19444,89,363
19446,340,1472
19453,0,21
19454,108,713
19456,0,9
19460,175,903
19462,90,511
19464,172,1118
19465,29,275
19468,191,752
19473,38,266
19475,96,274
19477,37,52
19492,0,9
19501,0,21
19503,0,19
19504,9,92
19505,12,58
19506,26,143
19507,6,47
19508,50,269
19510,26,146
19512,35,304
19518,52,296
19520,6,73
19522,38,237
19525,38,307
19526,45,246
19529,0,44
19530,46,211
19533,50,165
19534,0,25
19539,9,85
19540,16,190
19541,10,68
19543,8,88
19547,18,77
19549,0,-1
19550,0,7
19551,10,86
19555,0,56
19560,65,208
19562,24,97
19565,50,180
19567,36,108
19601,633,1425
19602,302,742
19604,556,1133
19605,171,557
19606,222,799
19607,123,536
19608,252,613
19609,50,204
19610,95,425
19611,238,483
15001,39,346
15003,11,125
15004,0,0
15005,9,118
15007,0,12
15009,320,519
15010,29,285
15012,6,172
15014,5,71
15015,0,10
15017,5,139
15018,0,12
15019,0,16
15021,0,69
15022,21,162
15024,8,223
15025,23,374
15026,0,25
15027,0,24
15030,0,18
15031,0,-1
15032,0,-1
15033,0,65
15034,0,24
15035,0,42
15037,5,168
15042,6,69
15043,0,17
15044,91,460
15045,0,81
15046,0,20
15049,0,16
15050,5,26
15051,0,7
15052,0,34
15053,0,-1
15054,0,6
15055,0,16
15056,0,12
15057,0,111
15059,0,36
15060,0,8
15061,16,126
15062,6,103
15063,9,200
15064,0,5
15065,16,219
15066,5,110
15067,0,30
15068,46,647
15071,6,109
15074,18,117
15076,0,21
15077,0,-1
15078,0,-1
15082,0,-1
15083,0,11
15084,5,187
15085,0,98
15086,0,5
15089,5,79
15090,34,360
15101,25,330
15102,20,307
15104,10,142
15106,13,200
15108,73,482
15110,8,71
15112,0,62
15116,8,166
15120,31,320
15122,22,337
15126,7,68
15129,6,134
15131,6,107
15132,38,361
15133,0,68
15135,0,59
15136,21,285
15137,13,197
15139,0,116
15140,0,57
15142,0,14
15143,22,250
15144,0,68
15145,7,111
15146,31,624
15147,16,256
15148,0,42
15201,22,233
15202,10,274
15203,12,143
15204,0,99
15205,23,301
15206,39,545
15207,87,274
15208,8,144
15209,9,157
15210,32,370
15211,12,161
15212,36,541
15213,27,211
15214,23,218
15215,12,207
15216,13,272
15217,44,494
15218,12,235
15219,38,275
15220,13,319
15221,82,508
15222,7,90
15223,0,129
15224,8,178
15225,0,16
15226,8,192
15227,24,397
15228,11,280
15229,8,178
15231,0,0
15232,29,195
15233,6,50
15234,5,214
15235,37,648
15236,21,481
15237,42,631
15238,10,234
15239,9,301
15241,19,198
15243,14,643
15260,0,0
15261,0,0
15275,0,-1
15301,17,770
15310,0,-1
15311,0,11
15312,0,35
15313,0,9
15314,0,70
15317,24,522
15320,7,92
15321,0,7
15322,0,33
15323,0,35
15324,0,14
15327,0,28
15329,0,15
15330,0,52
15331,0,19
15332,7,95
15333,0,34
15334,0,5
15337,0,11
15338,0,26
15340,0,16
15341,0,9
15342,6,48
15344,0,25
15345,0,23
15346,0,13
15347,0,6
15349,0,21
15352,0,6
15353,0,-1
15357,0,27
15359,0,-1
15360,0,29
15361,0,-1
15362,0,12
15363,0,10
15364,0,5
15367,7,77
15370,7,183
15376,0,29
15377,0,6
15380,0,5
15401,29,668
15410,0,10
15411,0,8
15412,0,6
15413,0,13
15417,0,124
15419,0,32
15423,0,21
15424,0,23
15425,9,292
15427,0,17
15428,0,29
15429,0,-1
15431,0,81
15432,0,7
15433,0,14
15434,0,8
15436,0,48
15437,5,31
15438,0,25
15440,0,5
15442,0,32
15444,0,15
15445,6,53
15446,0,-1
15450,0,13
15451,0,16
15456,0,44
15458,0,37
15459,0,17
15461,0,84
15462,0,-1
15463,0,5
15464,0,17
15468,0,47
15469,0,34
15470,0,6
15473,0,52
15474,0,34
15475,0,22
15477,0,6
15478,5,104
15479,0,33
15480,0,34
15482,0,7
15483,0,9
15484,0,5
15486,0,44
15488,0,-1
15490,0,5
15501,0,221
15540,0,-1
15551,0,7
15557,0,47
15601,62,1030
15610,7,55
15611,0,9
15612,0,9
15613,11,204
15615,0,-1
15616,0,-1
15617,0,7
15618,0,40
15620,0,9
15622,0,21
15623,0,18
15626,0,91
15627,14,133
15628,0,9
15631,0,12
15632,0,122
15634,0,13
15636,0,41
15637,0,30
15639,0,27
15641,0,10
15642,28,666
15644,13,331
15646,0,-1
15647,0,8
15650,82,610
15655,0,-1
15656,46,179
15658,22,158
15661,0,9
15663,0,7
15665,0,20
15666,16,231
15668,9,227
15670,0,50
15671,0,13
15672,0,41
15673,0,22
15675,0,29
15677,0,-1
15678,0,11
15679,0,54
15681,0,61
15683,0,137
15684,0,7
15685,0,-1
15686,0,5
15687,0,20
15688,0,15
15690,6,145
15692,0,12
15697,0,57
15698,0,14
15701,23,126
15713,0,-1
15717,19,150
15725,0,8
15732,0,7
15747,0,-1
15748,6,43
15774,6,27
15923,0,25
16001,50,712
16002,13,236
16023,0,78
16027,0,5
16033,8,91
16034,0,20
16037,5,192
16045,0,24
16046,11,255
16052,0,29
16053,0,41
16055,13,153
16056,5,82
16059,7,130
16063,10,100
16066,25,396
16115,0,21
16117,18,199
16120,0,19
16123,0,22
16136,0,12
16141,0,15
16157,0,24
16201,7,248
16210,0,23
16212,0,6
16222,0,20
16226,0,103
16228,0,-1
16229,5,66
16238,0,-1
16249,0,16
16256,0,5
16259,0,26
16262,0,42
16263,0,-1
17016,11,28
17010,0,8
17039,0,-1
17041,0,-1
15006,0,-1
15038,0,5
15047,0,-1
15075,0,-1
15087,0,-1
15088,0,8
15315,0,13
15316,0,-1
15325,0,8
15348,0,10
15351,0,11
15358,0,15
15378,0,-1
15379,0,-1
15420,0,-1
15421,0,-1
15422,0,-1
15430,0,9
15435,0,15
15443,0,7
15447,0,-1
15448,0,-1
15449,0,5
15455,0,7
15460,0,-1
15466,0,8
15467,0,6
15472,0,-1
15476,0,-1
15489,0,5
15502,0,-1
15510,0,-1
15520,0,5
15532,0,-1
15544,0,-1
15547,0,12
15560,0,-1
15561,0,6
15625,0,-1
15629,0,14
15633,0,5
15634,0,13
15635,0,-1
15638,0,-1
15640,0,-1
15660,0,-1
15662,0,-1
15676,0,6
15689,0,-1
15691,0,6
15695,0,5
15696,0,11
15712,0,-1
15715,0,8
15734,0,-1
15736,0,-1
15738,0,-1
15741,0,-1
19152,456,1249
19130,242,1221
19128,264,1138
19138,427,1392
19122,185,758
19149,560,1500
19147,251,1382
19114,331,1047
19115,604,1465
19124,673,1955
19154,319,1111
19131,704,2204
19103,173,840
19143,808,3029
19105,6,18
19104,453,1762
19136,600,1428
19142,490,1288
19107,176,894
19116,493,1191
19141,422,1248
19140,654,2042
19133,315,905
19150,358,1116
19137,33,225
19148,535,2053
19132,470,1486
19101,25,45
19145,450,2047
19123,232,860
19121,332,1236
19129,89,444
19120,897,2355
19126,441,950
19134,505,1737
19151,454,1397
19119,387,1201
19127,25,148
19125,165,818
19118,146,418
19146,376,1860
19197,0,NA
19106,52,400
19135,322,1068
19102,43,237
19139,677,2133
19111,813,2388
19153,154,531
19144,618,1862
95817,76,NA
95811,8,NA
95816,8,NA
95670,97,NA
95818,14,NA
95819,14,NA
95824,15,NA
95841,19,NA
95842,21,NA
95683,6,NA
95825,46,NA
95820,25,NA
95660,36,NA
95621,24,NA
95864,19,NA
95843,50,NA
95821,40,NA
95815,10,NA
95831,19,NA
95832,9,NA
95610,44,NA
95822,26,NA
95833,34,NA
95838,29,NA
95827,29,NA
95670,97,NA
95834,17,NA
95662,15,NA
95826,31,NA
95823,43,NA
95835,24,NA
95828,29,NA
95673,11,NA
95628,35,NA
95608,43,NA
95829,23,NA
95758,39,NA
95742,10,NA
95624,32,NA
95757,24,NA
95630,46,NA
95683,6,NA
95632,12,NA
91901,5,NA
91902,33,NA
91905,2,NA
91910,219,NA
91911,277,NA
91913,108,NA
91914,21,NA
91915,66,NA
91916,1,NA
91917,1,NA
91932,39,NA
91935,8,NA
91941,25,NA
91942,66,NA
91945,50,NA
91950,223,NA
91963,4,NA
91977,134,NA
91978,15,NA
91980,3,NA
92003,2,NA
92004,2,NA
92007,4,NA
92008,12,NA
92009,26,NA
92010,13,NA
92011,10,NA
92014,16,NA
92019,70,NA
92020,161,NA
92021,156,NA
92024,35,NA
92025,75,NA
92026,43,NA
92027,46,NA
92028,18,NA
92029,14,NA
92036,2,NA
92037,36,NA
92040,42,NA
92054,31,NA
92055,1,NA
92056,24,NA
92057,38,NA
92058,26,NA
92059,2,NA
92061,1,NA
92064,34,NA
92065,19,NA
92066,2,NA
92067,12,NA
92069,21,NA
92070,1,NA
92071,41,NA
92075,6,NA
92078,23,NA
92081,20,NA
92082,9,NA
92083,29,NA
92084,39,NA
92091,2,NA
92093,3,NA
92101,70,NA
92102,92,NA
92103,105,NA
92104,64,NA
92105,153,NA
92106,11,NA
92107,11,NA
92108,43,NA
92109,39,NA
92110,37,NA
92111,43,NA
92113,173,NA
92114,147,NA
92115,85,NA
92116,46,NA
92117,36,NA
92118,12,NA
92119,21,NA
92120,26,NA
92121,3,NA
92122,22,NA
92123,43,NA
92124,23,NA
92126,79,NA
92127,47,NA
92128,53,NA
92129,33,NA
92130,32,NA
92131,14,NA
92134,1,NA
92136,4,NA
92139,80,NA
92140,36,NA
92145,1,NA
92154,475,NA
92173,182,NA
Unassigned,117,NA
94121,34,NA
94123,28,NA
94158,18,NA
94107,115,NA
94118,31,NA
94117,48,NA
94116,30,NA
94115,117,NA
94109,87,NA
94114,38,NA
94112,231,NA
94111,NA,NA
94110,283,NA
94105,15,NA
94103,125,NA
94104,NA,NA
94108,NA,NA
94132,28,NA
94102,101,NA
94133,25,NA
94134,111,NA
94122,53,NA
94124,147,NA
94127,23,NA
94129,NA,NA
94130,NA,NA
94131,45,NA
63101,12,NA
63102,5,NA
63113,156,NA
63115,137,NA
63116,171,NA
63118,95,NA
63120,35,NA
63123,7,NA
63136,19,NA
63139,71,NA
63147,95,NA
63103,61,NA
63104,74,NA
63106,76,NA
63107,73,NA
63108,125,NA
63109,57,NA
63110,44,NA
63111,65,NA
63112,97,NA
55009940002,14,59
55009001600,254,572
55009001801,33,136
55009001802,0,69
55009002001,111,341
55009002002,49,158
55009002003,29,110
55009010100,8,149
55009010300,10,127
55009020100,7,65
55009020502,15,130
55117011100,0,33
55117000500,0,52
55117010700,0,79
55117010300,0,26
55117000400,17,152
55117000800,5,65
55117000100,0,43
55117010800,0,32
55117000300,0,81
55117010100,0,10
55117010400,0,24
55131440200,0,70
55131460102,0,81
55131470202,8,115
55113100400,0,45
55113100800,0,25
55113100300,0,121
55113100700,0,28
55101002800,11,69
55031030100,0,95
55031020800,0,58
55031030200,0,68
55031030300,0,108
55031020400,0,62
55031021000,0,32
55125950700,0,51
55125940000,0,34
55125950600,0,31
55085970102,0,35
55085971002,0,15
55085970101,0,9
55085971001,0,12
55085970601,0,13
55085970602,0,48
55111000402,0,95
55111001002,0,57
55111001001,6,122
55113940000,0,142
55113100500,0,57
55131400103,0,43
55131450106,7,101
55131440104,0,84
55131440105,0,47
55059000602,23,145
55059002601,28,120
55059002602,36,186
55059002904,12,84
55059002903,6,46
55059003002,8,67
55073002200,0,31
55073001201,0,77
55073001800,0,44
55073001900,0,33
55073001600,0,35
55073002100,0,61
55073001700,0,30
55073000400,0,47
55073000100,0,38
55073001102,0,72
55073001103,0,50
55073001400,0,40
55001950700,0,64
55001950400,0,66
55001950100,0,40
55013970900,0,23
55013970400,0,54
55013971000,0,17
55013970700,0,39
55013970800,0,34
55013970600,0,28
55009020800,10,66
55009000402,16,56
55029100800,0,68
55009010201,0,89
55009000100,23,96
55009000200,21,132
55009010202,8,186
55009940003,10,72
55117000900,0,65
55117001000,5,79
55117001100,6,39
55117010200,0,38
55015020200,0,42
55015020100,0,52
55117010900,0,32
55117011000,0,27
55117011200,0,41
55009940004,9,56
55009000302,44,160
55009000401,46,214
55009000500,26,101
55009000600,19,75
55009000700,28,148
55009000800,14,61
55009000900,140,301
55009001000,12,48
55009001200,40,130
55009001300,45,119
55009001400,44,144
55107960500,0,55
55107960200,0,26
55107960400,0,21
55107960300,0,29
55107960100,0,32
55061960500,10,90
55061960200,6,29
55061960400,11,114
55061960100,0,46
55133200801,0,51
55133201000,8,122
55133203406,0,98
55133203803,0,31
55133201900,0,55
55133200300,0,95
55133203500,0,67
55133201101,0,79
55133201800,0,26
55133203601,0,56
55133204002,0,47
55133203200,0,32
55133203000,0,25
55133202001,0,47
55133202301,0,53
55133200600,0,40
55133200700,5,65
55133200400,10,134
55133200500,5,85
55045960500,8,80
55045960100,5,117
55045960400,8,115
55045960800,0,70
55045960300,0,59
55045960200,0,86
55045960600,0,54
55045960700,0,61
55015020400,0,39
55079016200,23,122
55079018700,34,117
55079018800,10,59
55079018900,12,47
55079019000,13,118
55079019100,23,109
55079016500,17,63
55079016600,6,59
55079016700,25,93
55079016800,21,99
55079017000,54,203
55079016300,35,156
55079016400,53,172
55109120100,0,20
55069960100,0,18
55069960700,0,28
55069960800,0,25
55069960600,0,24
55069960400,0,11
55069960900,0,34
55069960500,0,12
55069960300,0,20
55127000600,58,186
55127000200,8,63
55069960200,0,33
55069961000,0,41
55129950100,0,33
55129950300,0,49
55129950600,0,58
55129950500,0,94
55129950200,0,32
55023960200,0,38
55023960500,0,86
55023960600,5,124
55023960300,0,60
55023960400,0,107
55023960100,0,59
55093960200,0,68
55093960100,0,63
55093960400,0,39
55093960700,0,95
55093960800,0,98
55093960500,5,76
55093960600,0,121
55137960600,0,19
55137960400,0,52
55137960700,0,36
55137960200,0,39
55137960100,0,21
55137960300,0,30
55035001400,0,210
55087010300,0,36
55087010200,0,61
55087012800,5,84
55087013200,0,43
55087012700,0,81
55087012100,5,124
55087010800,0,15
55087010500,0,45
55087011700,0,27
55087013300,0,75
55087013100,0,96
55087010100,0,31
55133200202,5,76
55133200201,12,87
55133203304,6,56
55133201404,0,64
55133202902,0,50
55133204301,0,60
55133204302,0,49
55133201403,0,57
55133202103,9,53
55079186900,16,77
55079187300,6,75
55079160203,21,128
55079000102,59,176
55087010601,0,59
55087010602,0,40
55007960300,0,76
55007960400,0,74
55007960600,0,31
55007960100,0,52
55007960200,0,20
55087010700,7,69
55087010900,0,23
55087011000,0,74
55087011101,6,69
55087011102,0,116
55087011200,0,39
55079120101,11,80
55079150303,10,82
55079018000,6,62
55079120102,28,135
55017010100,0,80
55079150304,8,70
55025000408,5,97
55025000405,0,144
55025000902,0,110
55025001102,0,-999
55025001606,0,25
55025001705,0,94
55079160204,7,89
55079185600,9,53
55079186000,6,59
55079185500,8,33
55079185900,7,35
55079185400,5,43
55079185800,7,39
55079186200,10,107
55087011300,0,43
55087011501,0,40
55087011502,5,67
55025001804,0,112
55087011600,0,68
55087011800,0,17
55087011400,0,63
55025013301,8,113
55025000407,6,161
55025000901,0,52
55025001101,0,25
55025001605,0,51
55025001704,28,845
55079186400,0,7
55079186600,11,56
55078940102,0,61
55078940101,0,26
55079186500,5,66
55025010903,0,91
55025011401,8,237
55025001802,5,70
55025000406,0,80
55133204502,0,53
55127000101,6,73
55071000300,0,47
55071000400,0,34
55019950800,0,49
55019950500,0,27
55019950100,0,40
55019950700,0,54
55019950400,0,32
55019950300,17,73
55019950600,0,34
55019950200,0,43
55071010300,0,42
55071005200,0,35
55071005100,0,18
55071010600,0,40
55071010400,0,47
55071010700,0,23
55071000600,0,40
55071010100,0,30
55071010200,0,52
55071005400,0,17
55071010500,0,29
55133203102,10,113
55133203103,0,68
55133203402,0,76
55133203403,7,88
55133203404,0,57
55071000200,0,22
55087940000,13,103
55059000500,22,151
55059000700,40,153
55059000900,41,159
55139001803,0,65
55059001000,13,223
55091950200,0,119
55091950100,0,135
55115100700,0,28
55115100200,0,15
55115100300,0,60
55115100600,0,64
55115100100,0,42
55115100500,0,87
55115100800,0,41
55115100900,0,31
55115100400,5,86
55115101000,7,70
55115101100,11,59
55059001100,26,102
55059001200,34,125
55059001300,23,92
55059001400,31,151
55059001500,9,75
55059001600,25,95
55059001700,23,74
55059001800,13,60
55059001900,0,52
55059002100,19,151
55059002200,12,79
55059002300,11,105
55139001801,0,41
55059002400,7,91
55059002500,7,58
55087011900,7,131
55087012000,5,58
55087012200,0,25
55133203405,0,40
55015020304,0,59
55015020800,9,71
55015020306,0,58
55015020303,6,46
55015020308,0,37
55015020700,0,29
55111000401,0,115
55127001603,0,34
55127000901,18,91
55127000502,0,27
55127000501,0,26
55059000400,15,69
55059000300,11,77
55001950501,0,23
55059002000,15,102
55105001303,11,83
55105001201,0,99
55105001304,9,161
55089660202,7,87
55089660201,0,52
55101001505,16,84
55101001706,13,69
55101001802,0,38
55101002002,6,61
55009020503,16,130
55059002905,10,64
55101002702,8,93
55101002701,0,58
55101001705,17,96
55101002001,0,39
55079000101,40,166
55079187200,105,819
55079170700,12,82
55079170100,8,47
55079160300,42,170
55079160202,13,147
55137960800,0,50
55101001504,16,110
55035001700,0,52
55131450103,5,107
55131450105,0,41
55131440106,0,43
55131440103,0,72
55131400104,6,97
55131450104,5,131
55079070200,10,95
55079060102,8,67
55079187000,11,83
55131420402,0,47
55131420106,0,60
55131470204,0,45
55131470203,0,92
55087012505,0,52
55087012506,0,54
55079018600,33,91
55139002400,0,129
55139000100,0,29
55139001100,0,44
55139002000,0,60
55139003702,0,100
55139002300,0,56
55139000200,0,38
55139000400,0,32
55139003000,0,16
55139002100,0,27
55139000500,0,70
55139001900,0,62
55139000900,7,43
55139000800,0,36
55139002601,0,52
55139000700,0,11
55087012602,0,43
55087012601,6,83
55087012901,5,78
55087012504,0,44
55087012503,0,34
55079003500,19,96
55139003100,0,35
55139003300,0,43
55133203306,0,79
55139003400,0,56
55139003500,5,43
55025012501,0,125
55025013700,5,165
55079017900,0,46
55111000600,7,202
55111000800,6,132
55111000500,0,95
55111000300,0,172
55111000700,0,69
55111000100,23,305
55111000900,0,61
55111001100,7,106
55111000200,5,88
55079017300,45,131
55079017200,20,79
55079017400,27,98
55079017500,35,133
55059000800,29,80
55059002700,14,90
55059002800,0,77
55059000100,9,119
55089650102,0,33
55127000102,0,27
55127000301,0,41
55127001702,7,77
55127001604,9,58
55127001701,6,78
55127000701,18,75
55127001501,6,57
55127000702,9,92
55127001502,7,62
55127000902,10,59
55089650200,0,88
55063010101,0,104
55063001200,0,92
55063010402,0,239
55063010700,0,126
55063010203,0,36
55063000300,0,73
55063010401,0,127
55063000400,0,78
55063000200,0,134
55063010600,0,87
55063010201,0,234
55063000100,0,151
55063010800,0,61
55063000700,0,93
55063010102,0,112
55063010300,0,108
55063000600,0,46
55011960400,0,73
55011960500,0,55
55011960300,0,89
55011960200,0,117
55011960100,0,64
55079017600,35,97
55063000500,0,26
55063000800,0,67
55063000900,0,93
55063001000,0,103
55063001101,0,41
55141011300,0,67
55067960300,0,16
55067960400,0,32
55067960100,0,17
55067960500,0,13
55067960700,0,45
55073001300,0,17
55073002000,0,27
55073001500,0,23
55073002300,0,11
55141010300,0,36
55141010800,0,29
55067960600,0,65
55141011600,0,56
55141011100,0,41
55141010900,0,38
55141010700,0,48
55141011700,0,65
55141011200,0,71
55141010100,0,36
55141011400,0,71
55141010400,0,38
55141010200,0,65
55141010500,0,40
55127001602,38,128
55127000800,9,65
55127001000,0,68
55079003600,14,68
55079018500,0,26
55121100500,0,58
55121100700,0,123
55121100300,0,37
55121100600,0,73
55121100800,0,103
55121100400,0,90
55121100200,0,98
55121100100,0,107
55035000302,5,175
55035000502,0,114
55035001500,0,92
55035000200,0,89
55035001300,0,142
55035001600,0,138
55035000501,0,110
55035000100,0,92
55035000600,12,189
55035000700,0,127
55035000400,5,255
55035000301,0,72
55035000801,0,105
55035000802,0,105
55039040900,0,91
55039041000,0,56
55039042000,10,137
55039041800,0,71
55041950100,0,12
55041950400,0,49
55041950300,0,39
55041950200,0,61
55123960100,0,30
55123960500,0,59
55123960700,0,82
55123960200,0,55
55123960400,0,125
55123960600,0,86
55123960300,0,96
55039040100,0,78
55039041100,14,184
55039041700,0,28
55039042100,5,49
55039040500,5,123
55039041500,5,51
55039040700,7,101
55039040300,10,158
55039041400,0,83
55039040400,0,52
55039040800,0,112
55039041600,0,59
55039042200,6,101
55039041900,7,129
55039041300,13,130
55039040200,0,74
55087012300,0,16
55087012400,0,40
55029100500,0,26
55029100900,0,17
55029101000,0,25
55029100700,0,80
55029100300,0,26
55029100400,7,39
55029100600,0,37
55063001102,0,111
55063010202,0,166
55063010500,0,134
55133203602,0,71
55133204200,7,82
55133204400,0,20
55031020700,0,72
55033970700,0,197
55033970100,0,82
55033970200,0,145
55033970400,0,157
55033970600,0,107
55033970300,0,172
55025001604,0,38
55025010502,0,186
55025011402,12,283
55025012502,0,125
55025010904,10,216
55025013302,0,135
55025001603,7,34
55017011200,0,135
55017010500,0,126
55017011100,0,95
55079015900,29,121
55079015800,32,108
55009001702,107,260
55009020204,12,71
55079016100,28,110
55005001001,0,33
55001950202,0,35
55001950502,0,50
55001950201,0,10
55017010200,0,206
55031020600,0,78
55031020900,0,26
55031020500,0,36
55031020300,0,57
55079019800,15,116
55079020000,19,120
55079091400,0,41
55079019700,18,127
55101001801,6,92
55117010601,0,59
55117011400,0,34
55029100100,0,11
55109120904,0,30
55109120502,0,76
55109120201,0,52
55109120901,0,36
55109120501,0,71
55109120903,0,111
55117000202,0,55
55117010602,0,48
55117000201,0,38
55117010501,0,94
55117010502,5,54
55109120202,0,49
55093960300,0,32
55095960800,0,70
55095960200,0,43
55095960300,0,74
55095960900,0,66
55095960500,0,30
55095960600,0,26
55095960700,0,76
55095960100,0,48
55095961000,0,81
55095961100,0,50
55087012902,0,28
55053960400,0,101
55053960500,0,147
55053960100,8,99
55053960300,0,81
55053960200,0,78
55051180300,0,-999
55051180100,0,29
55057100200,8,71
55051180200,0,6
55057100100,0,46
55057100500,0,92
55057100600,0,60
55057100700,0,84
55057100400,0,101
55025000503,10,190
55025000504,0,177
55025000600,11,143
55025000700,0,105
55025000800,8,77
55025001000,0,59
55133201402,5,74
55133201503,0,79
55079186100,10,76
55079186300,14,234
55079185300,9,103
55071000500,0,30
55071000700,0,49
55071000800,0,37
55127000302,5,83
55133201504,5,85
55133201506,5,107
55133201701,0,75
55133202201,0,40
55071005300,0,16
55071000100,0,47
55133200103,7,66
55089630201,5,61
55089650101,7,83
55089640100,21,124
55133200901,0,81
55133200902,0,65
55089660303,11,95
55089660100,0,49
55089650300,0,67
55089630100,0,48
55089630202,0,65
55089620100,8,75
55089660304,0,39
55085970900,0,16
55085970800,0,24
55085970400,0,25
55085971400,0,52
55085970500,0,19
55085971500,0,62
55085971100,0,28
55085971300,0,23
55133202002,6,50
55133202202,12,132
55133204100,0,49
55133203802,0,47
55133200102,6,103
55133201600,10,84
55133201102,5,57
55133201202,6,99
55133203804,17,89
55133201300,6,56
55133200101,16,84
55133201505,0,35
55133201201,0,30
55133201203,0,51
55005001002,0,144
55065970300,0,62
55065970500,0,42
55075960800,0,47
55075961100,0,71
55075961500,7,84
55075960600,0,32
55075960900,0,35
55075960700,0,39
55075960200,0,55
55075961000,0,59
55075961200,0,30
55139001804,0,31
55075960100,0,34
55065970400,0,73
55065970200,5,58
55065970100,0,34
55079060101,7,107
55079186800,8,107
55079185700,13,76
55025002401,0,63
55025002402,0,115
55083101200,0,68
55083101000,0,62
55083100900,0,42
55083100600,0,47
55083101300,17,190
55083100300,0,44
55083100700,0,45
55083100800,0,34
55083101100,0,76
55083100500,0,27
55025002500,0,60
55025002601,0,48
55025002602,6,152
55025002603,0,158
55025002700,0,107
55105000600,0,55
55105000100,0,16
55059003001,0,54
55025002800,0,56
55025002900,0,78
55025003001,8,113
55025003100,7,158
55025003200,0,35
55025010100,0,80
55135100500,0,20
55135100800,0,38
55135100300,0,35
55135100400,0,52
55135101100,0,82
55135100100,0,39
55135100700,0,35
55135101200,0,38
55135100200,0,15
55135100900,0,78
55135101000,0,89
55135100600,0,53
55103970400,0,95
55103970100,0,36
55103970300,0,40
55103970500,5,94
55103970200,0,75
55097961100,0,83
55097960400,0,23
55097960100,0,33
55097961300,0,40
55097960300,0,36
55097960600,0,43
55097961200,0,60
55097960200,0,26
55097960500,0,65
55097960900,0,26
55097960800,0,51
55097961000,0,23
55025010501,0,81
55009001701,167,365
55009021600,17,122
55003940000,0,29
55003950800,0,56
55079017100,21,91
55079018100,0,28
55079021800,21,73
55079035200,0,74
55079020300,32,115
55079020400,22,92
55079020500,34,102
55079020600,9,64
55079020700,0,51
55079020800,0,42
55079020900,0,39
55079021000,0,36
55017010300,0,144
55017010800,6,100
55017010700,8,155
55017010900,6,98
55017010400,0,115
55017011000,0,131
55079021100,0,23
55009020704,128,364
55079050101,21,136
55079070100,5,52
55079070300,0,64
55079080100,0,41
55079080200,0,69
55079080300,11,86
55079021200,8,59
55079021300,8,66
55079021400,23,95
55079021500,13,65
55079021600,22,118
55079080400,9,81
55079090200,0,33
55079090300,10,87
55079090600,9,111
55079090700,0,42
55079090800,8,45
55079090900,18,101
55079091000,6,68
55079091100,6,69
55079091300,7,78
55079100700,0,55
55079100800,8,49
55079100900,8,75
55079101000,7,95
55079101100,0,36
55079101300,8,68
55049950100,0,63
55049950300,0,44
55049950500,0,74
55049950400,0,89
55049950600,0,56
55049950200,0,38
55009021500,8,27
55009021100,0,19
55009940001,25,237
55009001100,90,186
55009000303,24,105
55079101400,0,84
55079101500,0,88
55079101600,10,102
55079101700,0,71
55079101800,10,64
55079101200,5,60
55125950200,0,28
55125950500,0,52
55139002202,0,33
55139002201,0,47
55037190100,0,17
55037190200,0,15
55105001202,5,100
55131420401,0,42
55119960600,0,22
55119960500,0,26
55119960200,0,17
55119960400,0,31
55119960300,0,24
55119960100,0,37
55057100300,0,71
55133200803,5,79
55133203303,0,51
55133201704,0,54
55133202102,5,61
55133203902,0,53
55133203704,0,51
55133204501,0,25
55133204004,0,30
55133200804,0,60
55133201703,9,81
55133202101,0,45
55133202901,6,60
55133203305,8,50
55133203703,0,29
55133203901,0,44
55133204003,8,49
55027961400,5,50
55027961800,0,67
55027960100,0,91
55027961000,6,111
55027961700,0,47
55027960200,0,45
55027961200,0,64
55027961300,5,85
55027961900,15,94
55027960900,0,101
55027961500,0,62
55027960400,6,80
55027960700,6,76
55027960600,0,63
55027960300,5,111
55009020600,9,96
55035000803,0,177
55035000900,10,136
55035001101,0,59
55089640200,8,111
55089660301,11,89
55079010800,0,38
55079011000,0,67
55079011100,0,12
55079011200,7,33
55079010700,0,28
55079011300,0,37
55079011400,0,27
55079008600,6,41
55079008700,16,49
55079008800,9,67
55079008400,6,35
55079008500,5,38
55079008900,9,31
55079009000,15,82
55079009100,5,69
55079009200,0,44
55079012200,13,52
55079012300,6,37
55079012400,10,64
55079012500,0,46
55079187400,12,89
55079009300,5,48
55079009400,6,58
55079009600,9,75
55079012600,6,59
55079012700,0,25
55079012800,6,69
55079012900,0,78
55097960702,0,23
55097960701,0,36
55079013000,0,42
55079013300,0,32
55079009700,8,52
55079009800,14,57
55079009900,8,38
55079013700,11,63
55079014100,14,72
55079014300,0,29
55079014400,5,41
55079013600,15,63
55079014600,0,21
55079014700,12,57
55079014800,13,56
55139001000,0,36
55139001200,0,23
55139001300,0,35
55139001400,0,60
55139001600,0,35
55139001700,9,59
55079014900,6,40
55139002500,10,65
55079004000,10,74
55079004100,15,79
55079004200,15,71
55009021400,6,80
55079004300,47,160
55079004700,12,108
55079004800,27,124
55079004900,31,148
55079005000,33,156
55079005100,15,95
55079005200,5,39
55079005300,9,65
55079005500,10,70
55079005600,8,43
55079005700,6,48
55079005800,5,69
55079006000,24,79
55079005400,9,74
55079006100,14,77
55139002602,0,66
55139002700,0,24
55079006200,29,105
55079006300,11,67
55079006400,7,52
55009020504,6,73
55009020203,7,89
55139003600,0,45
55139003701,0,48
55139003200,0,30
55009020703,40,158
55079006600,13,84
55079006700,5,26
55079006800,10,72
55079006900,15,73
55079007200,5,66
55079007300,0,17
